config_id,status,exit_eval_weight,exit_weight,head_refit_lambda,lookahead_every,lookahead_power,lr_decay_start,lr_shape,members,order,snapshot_fracs,widths,n,mean_acc,sd_acc,se_acc,mean_time_local,error
88963cbfc53a,complete,,,,,,,,,,,"[128, 384, 640]",10,0.75124,0.00198,0.00063,5.064,
ec976d1d5d4d,complete,,,,,,,,,,[0.85],"[128, 384, 640]",10,0.74443,0.0023,0.00073,5.198,
6b3f346953b6,complete,,,,,,,,,,"[0.7, 0.85]","[128, 384, 640]",10,0.73882,0.00275,0.00087,5.265,
4cf525701505,complete,,,,,,,,2,,,"[96, 256, 448]",10,0.75292,0.002,0.00063,6.399,
fb94da0ef1fd,complete,0.3,0.3,,,,,,,,,"[128, 384, 640]",10,0.74244,0.00286,0.00091,5.362,
6c0d93b63d44,complete,,,0.001,,,,,,,,"[128, 384, 640]",10,0.74135,0.00206,0.00065,5.421,
e1764fa643d3,complete,,,0.01,,,,,,,,"[128, 384, 640]",10,0.74143,0.00281,0.00089,5.433,
5b24a35396d6,complete,,,,,,0.6,wsd,,,,"[128, 384, 640]",10,0.75364,0.00209,0.00066,5.275,
04b6388c3e54,complete,,,,,,,cosine,,,,"[128, 384, 640]",10,0.74977,0.00243,0.00077,5.279,
2b0d971ecd91,complete,,,,3,,,,,,,"[128, 384, 640]",10,0.75082,0.00253,0.0008,5.282,
ec2bd155910b,complete,,,,,2.0,,,,,,"[128, 384, 640]",10,0.75031,0.00232,0.00074,5.279,
0b7506dfa534,complete,,,,,,,,,balanced,,"[128, 384, 640]",10,0.75276,0.00284,0.0009,5.277,
