config_id,status,bias_scaler,clean_tail_epochs,conv_wd_mult,cosine_head_scale,etf_head,head_expand,head_lr_mult,head_mean_init,head_wd_mult,init_gain,lr_peak_frac,ls_end,master_fp32,ols_alpha,pool_overlap,pskd_alpha,res_blend_steps,scaling_factor,soft_pool_tau,stage3_ceil,switch_momentum_scale,n,mean_acc,sd_acc,se_acc,mean_time_local,error
7588725c2f64,complete,,,,,,,,,,,,,,,,,,0.16666666666666666,,,,20,0.75148,0.00231,0.00052,5.303,
d15879b86db7,complete,,,,,,,,,,,,,,0.2,,,,0.16666666666666666,,,,20,0.75048,0.00267,0.0006,5.285,
e0e630912ad0,complete,,,,,,,,,,,,,,,,0.3,,0.16666666666666666,,,,20,0.75167,0.00221,0.00049,5.527,
fbde7d3efe6b,complete,,,,,,,,,,,,,,,,0.6,,0.16666666666666666,,,,20,0.74697,0.00221,0.00049,5.44,
42eff5fe957d,complete,,,,,,,,,,,,0.0,,,,,,0.16666666666666666,,,,20,0.74939,0.00292,0.00065,5.313,
90534fb5ed82,complete,,,,,,1024,,,,,,,,,,,,0.16666666666666666,,,,20,0.73962,0.00253,0.00057,5.388,
e89eeb3e900b,complete,,,,,,,,,,,,,,,True,,,0.16666666666666666,,,,20,0.75188,0.0026,0.00058,5.532,
87058b7e20f2,complete,,,,,,,,,,,,,,,,,,0.16666666666666666,,True,,20,0.75374,0.00205,0.00046,5.597,
ca330c5e286a,complete,,,,20.0,,,,,,,,,,,,,,0.16666666666666666,,,,20,0.72242,0.01226,0.00274,5.301,
fa542c964c39,complete,,,,,,,,True,,,,,,,,,,0.16666666666666666,,,,20,0.74979,0.00245,0.00055,5.313,
406137e835b9,complete,,,,,,,,,,,,,True,,,,,0.16666666666666666,,,,20,0.75174,0.002,0.00045,5.367,
fd93b9bf742b,complete,,8,,,,,,,,,,,,,,,,0.16666666666666666,,,,20,0.7517,0.002,0.00045,5.303,
ebf9108d731e,complete,,7,,,,,,,,,,,,,,,,0.16666666666666666,,,,20,0.75167,0.00252,0.00056,5.272,
45cea55883d5,complete,,,0.5,,,,,,,,,,,,,,,0.16666666666666666,,,,20,0.7441,0.00334,0.00075,5.343,
ddbb80c31521,complete,,,,,,,,,0.5,,,,,,,,,0.16666666666666666,,,,20,0.75163,0.00272,0.00061,5.336,
48d851cc7068,complete,,,,,,,2.0,,,,,,,,,,,0.16666666666666666,,,,20,0.74762,0.00295,0.00066,5.339,
c6b51ec2c65a,complete,,,,,,,0.5,,,,,,,,,,,0.16666666666666666,,,,20,0.74967,0.00254,0.00057,5.403,
b703fcb075e2,complete,32.0,,,,,,,,,,,,,,,,,0.16666666666666666,,,,20,0.75348,0.00203,0.00045,5.38,
a9e292cabd0d,complete,128.0,,,,,,,,,,,,,,,,,0.16666666666666666,,,,20,0.74866,0.00285,0.00064,5.314,
9d8fc31924dd,complete,,,,,,,,,,0.5,,,,,,,,0.16666666666666666,,,,20,0.7526,0.00217,0.00049,5.343,
dc64c45c7404,complete,,,,,,,,,,0.7,,,,,,,,0.16666666666666666,,,,20,0.75232,0.00214,0.00048,5.426,
ee950565c469,complete,,,,,,,,,,0.6,0.12,,,,,,,0.16666666666666666,,,,20,0.75135,0.0025,0.00056,5.387,
c7e7612c71fb,complete,,,,,,,,,,,,,,,,,,0.16666666666666666,,,0.5,20,0.75232,0.00285,0.00064,5.278,
923b5d416986,complete,,,,,,,,,,,,,,,,,40,0.16666666666666666,,,,20,0.75231,0.00228,0.00051,5.281,
5af887911bd5,complete,,,,,True,,,,,,,,,,,,,0.16666666666666666,,,,20,0.74184,0.00251,0.00056,5.277,
cf50ae43e14d,complete,,,,,True,,,,,,,,,,,,,0.3333333333333333,,,,20,0.74633,0.00249,0.00056,5.279,
1a84e5bb9cf6,complete,,,,,,,,,,,,,,,,,,0.16666666666666666,0.5,,,20,0.7515,0.00277,0.00062,5.372,
8b261d52b17c,complete,,,,,,,,,,,,,,,,,,0.16666666666666666,1.0,,,20,0.75322,0.00209,0.00047,5.517,
