config_id,status,narrow_saliency,switch_widths,widths,n,mean_acc,sd_acc,se_acc,mean_time_local,error
c15dcd655b89,complete,,,"[128, 384, 640]",20,0.75148,0.00227,0.00051,5.542,
fdb95523c024,failed,,"[128, 384, 512]","[128, 384, 640]",0,,,,,"RuntimeError: Expected at::native::check_fast_path_restrictions( {params, grads, momentum_buffer_list}) to be true, but got false.  (Could this error message be improved?  If so, please report an enhancement request to PyTorch.)"
d0498975d792,failed,,"[128, 384, 448]","[128, 384, 640]",0,,,,,"RuntimeError: Expected at::native::check_fast_path_restrictions( {params, grads, momentum_buffer_list}) to be true, but got false.  (Could this error message be improved?  If so, please report an enhancement request to PyTorch.)"
c638bfedbfd2,failed,random,"[128, 384, 448]","[128, 384, 640]",0,,,,,"RuntimeError: Expected at::native::check_fast_path_restrictions( {params, grads, momentum_buffer_list}) to be true, but got false.  (Could this error message be improved?  If so, please report an enhancement request to PyTorch.)"
2953e93e6a4f,failed,norm,"[128, 384, 448]","[128, 384, 640]",0,,,,,"RuntimeError: Expected at::native::check_fast_path_restrictions( {params, grads, momentum_buffer_list}) to be true, but got false.  (Could this error message be improved?  If so, please report an enhancement request to PyTorch.)"
73372f7af198,failed,,"[128, 320, 512]","[128, 384, 640]",0,,,,,"RuntimeError: Expected at::native::check_fast_path_restrictions( {params, grads, momentum_buffer_list}) to be true, but got false.  (Could this error message be improved?  If so, please report an enhancement request to PyTorch.)"
b5c05b102794,complete,,,"[128, 384, 448]",20,0.74501,0.00208,0.00047,4.992,
89c7cacac3c3,complete,,,"[128, 384, 512]",20,0.74745,0.00223,0.0005,5.142,
70d73a6be1b1,failed,,"[128, 384, 640]","[128, 384, 768]",0,,,,,"RuntimeError: Expected at::native::check_fast_path_restrictions( {params, grads, momentum_buffer_list}) to be true, but got false.  (Could this error message be improved?  If so, please report an enhancement request to PyTorch.)"
