config_id,status,bias_scaler,epochs,freeze_schedule,lr,lr_peak_frac,res_schedule,stage2_cooldown,stage_depths,n,mean_acc,sd_acc,se_acc,mean_time_local,error
f6b43c79bcc4,complete,16.0,8.5,"[[0.8, 1]]",,,"[[0.0, 20], [0.5, 32]]",,"[3, 2, 3]",20,0.75177,0.00215,0.00048,4.415,
e2cce05bb77e,complete,16.0,8.5,"[[0.8, 1], [0.9, 2]]",,,"[[0.0, 20], [0.5, 32]]","[0.75, 0.9]","[3, 2, 3]",20,0.74977,0.00212,0.00047,4.21,
2e361566fc14,complete,16.0,8.5,"[[0.8, 1], [0.85, 2]]",,,"[[0.0, 20], [0.5, 32]]","[0.7, 0.85]","[3, 2, 3]",20,0.74865,0.0019,0.00042,4.324,
63cee6074856,complete,16.0,8.75,"[[0.8, 1]]",,,"[[0.0, 20], [0.5, 32]]",,"[3, 2, 2]",20,0.7452,0.00229,0.00051,4.109,
cdad68740da9,complete,8.0,8.5,"[[0.8, 1]]",,,"[[0.0, 20], [0.5, 32]]",,"[3, 2, 3]",20,0.75158,0.003,0.00067,4.513,
83ee085c475c,complete,32.0,8.5,"[[0.8, 1]]",,,"[[0.0, 20], [0.5, 32]]",,"[3, 2, 3]",20,0.74988,0.00214,0.00048,4.34,
38cca1cec843,complete,16.0,8.5,"[[0.8, 1]]",10.0,,"[[0.0, 20], [0.5, 32]]",,"[3, 2, 3]",20,0.7516,0.00265,0.00059,4.513,
0aa0369f60a4,complete,16.0,8.5,"[[0.8, 1]]",13.0,,"[[0.0, 20], [0.5, 32]]",,"[3, 2, 3]",20,0.75248,0.00244,0.00055,4.338,
ad3f9c6b192d,complete,16.0,8.5,"[[0.8, 1]]",,0.15,"[[0.0, 20], [0.5, 32]]",,"[3, 2, 3]",20,0.75104,0.00167,0.00037,4.725,
ae6b9c28f24c,complete,16.0,8.5,"[[0.8, 1]]",,,"[[0.0, 20], [0.45, 32]]",,"[3, 2, 3]",20,0.75338,0.00214,0.00048,4.825,
10cd6d43463b,complete,16.0,8.5,"[[0.8, 1]]",,,"[[0.0, 20], [0.55, 32]]",,"[3, 2, 3]",20,0.74899,0.00281,0.00063,4.541,
