config_id,status,bias_scaler,bias_wd_mult,freeze_schedule,head_center,square_beta,square_init,stage1_cooldown,stage1_lr_mult,whiten_eps,n,mean_acc,sd_acc,se_acc,mean_time_local,error
809b9a58f227,complete,16.0,,"[[0.8, 1]]",,,,"[0.6, 0.8]",,,20,0.75277,0.00285,0.00064,4.685,
afea104bcd80,complete,16.0,0.25,"[[0.8, 1]]",,,,"[0.6, 0.8]",,,20,0.7496,0.0018,0.0004,4.557,
32e2fc592689,complete,64.0,4.0,"[[0.8, 1]]",,,,"[0.6, 0.8]",,,20,0.75159,0.00273,0.00061,4.751,
89ac1a07eca5,complete,16.0,4.0,"[[0.8, 1]]",,,,"[0.6, 0.8]",,,20,0.75192,0.00234,0.00052,4.935,
cfc05b34f7b4,complete,16.0,0.0,"[[0.8, 1]]",,,,"[0.6, 0.8]",,,20,0.74844,0.00232,0.00052,4.654,
46c6dcc132e8,complete,16.0,,"[[0.75, 1]]",,,,"[0.65, 0.75]",,,20,0.7513,0.00233,0.00052,4.667,
b6a8085729eb,complete,16.0,,"[[0.7, 1]]",,,,"[0.6, 0.7]",,,20,0.75038,0.00228,0.00051,4.421,
39503ce68676,complete,16.0,,"[[0.7, 1]]",,,,"[0.6, 0.7]",1.3,,20,0.75022,0.00201,0.00045,4.52,
2dab8485a536,complete,16.0,,"[[0.8, 1]]",,0.25,dirac+dct,"[0.6, 0.8]",,,20,0.75133,0.00242,0.00054,4.657,
ef83cc6418ba,complete,16.0,,"[[0.8, 1]]",,0.5,dirac+dct,"[0.6, 0.8]",,,20,0.75124,0.00227,0.00051,4.796,
200c263ff770,complete,16.0,,"[[0.8, 1]]",,0.5,dirac+kaiming,"[0.6, 0.8]",,,20,0.75246,0.00198,0.00044,4.387,
2f1887174ed9,complete,16.0,,"[[0.8, 1]]",True,,,"[0.6, 0.8]",,,20,0.74407,0.00207,0.00046,4.521,
9e105d04d531,complete,16.0,,"[[0.8, 1]]",,,,"[0.6, 0.8]",,0.005,20,0.75235,0.002,0.00045,4.339,
c322dbb8c2d0,complete,16.0,,"[[0.8, 1]]",,,,"[0.6, 0.8]",,0.05,20,0.75191,0.0026,0.00058,4.507,
