config_id,status,thin_groups,thin_period,thin_window,weight_freeze,n,mean_acc,sd_acc,se_acc,mean_time_local,error
fafba98accdc,complete,,,,,20,0.75216,0.0021,0.00047,4.534,
ef1b2f6f6d65,complete,,,"[0.6, 0.8]",,20,0.74899,0.00177,0.0004,4.156,
a6ca927ee256,complete,,,"[0.5, 0.8]",,20,0.74843,0.0019,0.00043,4.084,
8face647f509,complete,,3,"[0.5, 0.8]",,20,0.74484,0.00236,0.00053,4.132,
6680a3e232ce,complete,2,,"[0.6, 0.8]",,20,0.74587,0.00303,0.00068,4.015,
666ffec0ea44,complete,,,,"[[0, 0.45, 0.6, ""all""]]",20,0.74837,0.00249,0.00056,4.517,
dd608f902d4f,complete,,,,"[[2, 0.8, 0.9, ""all""]]",20,0.74987,0.00237,0.00053,4.411,
34045f4573aa,complete,,,,"[[1, 0.5, 0.7, ""conv1""], [2, 0.5, 0.7, ""conv1""]]",20,0.74257,0.00269,0.0006,4.413,
e31592190a38,complete,,,,"[[1, 0.8, 0.9, ""all""], [2, 0.8, 0.9, ""all""]]",20,0.74557,0.00218,0.00049,4.458,
