config_id,status,batch_size,label_smoothing,momentum,switch_widths,widths,n,mean_acc,sd_acc,se_acc,mean_time_local,error
40c96e92210e,complete,,,,,"[128, 384, 640]",20,0.75057,0.0023,0.00051,4.326,
1dca6edfb375,complete,,,,"[128, 384, 640]","[128, 384, 768]",20,0.75162,0.00269,0.0006,4.346,
5a047e7768b0,complete,,,,"[128, 384, 640]","[128, 448, 640]",20,0.75159,0.00205,0.00046,4.669,
f7c2426823dc,complete,,,,"[128, 384, 640]","[160, 448, 768]",20,0.75158,0.00272,0.00061,4.922,
6bb4f0451b9a,complete,,0.1,,,"[128, 384, 640]",20,0.74944,0.00203,0.00045,4.508,
5896d3e5a28d,complete,,0.3,,,"[128, 384, 640]",20,0.75236,0.0022,0.00049,4.337,
a2aad7d69f05,complete,,,0.8,,"[128, 384, 640]",20,0.75152,0.00283,0.00063,4.524,
1dd07739d7cb,complete,,,0.9,,"[128, 384, 640]",20,0.74991,0.00283,0.00063,4.364,
775c5ede19b0,complete,768,,,,"[128, 384, 640]",20,0.75427,0.00215,0.00048,4.68,
