config_id,status,bn_momentum,epochs,lookahead_power,scaling_factor,whiten_samples,n,mean_acc,sd_acc,se_acc,mean_time_local,error
a2b80be2c529,complete,,8.25,,0.16666666666666666,,20,0.75192,0.00227,0.00051,4.044,
65090440ce07,complete,,8.25,,0.2,,20,0.75135,0.00188,0.00042,4.18,
ba574064d515,complete,,8.25,,0.14,,20,0.7507,0.00185,0.00041,4.158,
c3a07f785ad8,complete,0.5,8.25,,0.16666666666666666,,20,0.75197,0.00231,0.00052,4.333,
742ede122068,complete,0.7,8.25,,0.16666666666666666,,20,0.75174,0.00219,0.00049,4.183,
d19fb13260b8,complete,,8.25,2.5,0.16666666666666666,,20,0.75099,0.00228,0.00051,4.36,
0d77a7d879ff,complete,,8.25,3.5,0.16666666666666666,,20,0.75085,0.00263,0.00059,4.195,
59e3f86c981b,complete,,8.25,,0.16666666666666666,10000,20,0.75146,0.00263,0.00059,4.382,
96e32d3c6c00,complete,,8.375,,0.16666666666666666,,20,0.75211,0.00221,0.0005,4.24,
