config_id,status,identity_scale,init_gain,label_smoothing,ls_low,stage_skips,translate_low,n,mean_acc,sd_acc,se_acc,mean_time_local,error
2a3170ae1897,complete,,,0.4,,,,40,0.75137,0.00222,0.00035,4.293,
a8e2c4519b2e,complete,,,0.4,0.2,,,40,0.75035,0.00256,0.0004,4.152,
3b1149794351,complete,,,0.45,0.3,,,40,0.75092,0.00221,0.00035,4.233,
a3d37d6c2ff9,complete,,,0.3,0.4,,,40,0.75132,0.00244,0.00039,4.412,
e9ec4364b231,complete,,,0.4,,"[false, true, false]",,40,0.75238,0.00246,0.00039,4.48,
67dbbe341790,complete,0.577,,0.4,,,,40,0.75066,0.00238,0.00038,4.683,
25f4894227c2,complete,,0.5,0.4,,,,40,0.75037,0.00216,0.00034,4.458,
599dccf39977,complete,,,0.4,,,1,40,0.75213,0.00194,0.00031,4.3,
2ab14f61bb8c,complete,,,0.4,,,3,40,0.75146,0.00231,0.00037,4.207,
