config_id,status,epochs,linear_skips,pool_shortcuts,residual_kernels,residual_units,square_kernels,n,mean_acc,sd_acc,se_acc,mean_time_local,error
62010b1cfd32,complete,8.25,,,,,,20,0.7523,0.00255,0.00057,4.134,
298fd40e0ee9,complete,8.25,"[true, true, true]",,,,,20,0.74416,0.00254,0.00057,4.303,
6076cb05ecd3,complete,8.25,"[true, true, false]",,,,,20,0.74406,0.00238,0.00053,4.501,
1dfe69494d07,complete,8.25,"[false, false, true]",,,,,20,0.75285,0.00239,0.00053,4.692,
41b748867ed3,complete,8.25,"[false, true, false]",,,,,20,0.74664,0.00129,0.00029,4.524,
a0758f98fc11,complete,8.25,,,,"[false, false, true]",,20,0.73501,0.01164,0.0026,4.784,
91fff925d610,complete,8.25,,"[0.0, 1.0, 0.0]",,,,20,0.7511,0.00215,0.00048,4.773,
d6acfdb641b3,complete,8.25,,"[0.0, 0.0, 0.5]",,,,20,0.74207,0.00478,0.00107,5.215,
8012ee1af7b5,complete,8.25,,,,,"[3, 1, 3]",20,0.74843,0.0017,0.00038,4.042,
8e0e4406ffaa,complete,8.5,,,,,"[3, 1, 3]",20,0.74884,0.00213,0.00048,4.285,
ad4bc9fcae82,complete,8.25,,,"[1, 3, 3]",,,20,0.75191,0.00137,0.00031,4.057,
