step	kind	after_exp	cost_usd	summary
M001	revise	E000	1.13	+H1, +H1.1, +H1.1.1, +H1.1.2, +H1.1.3, +H1.2, +H1.2.1, +H1.3, +H1.3.1, +H1.3.2, +H1.4, +H1.4.1, +H1.5, +H1.5.1, +H1.6, +H1.6.1, +H2, +H2.1, +H2.1.1, +H2.2, +H2.2.1, +H2.3, +H2.3.1, +H3, +H3.1, +H3.1.1, +H3.2, +H3.2.1. The tree was empty, so this revision seeds it. Nothing could be rolled up because there are no results yet. It adds 3 open Lvl1 hypotheses, each split into mechanisms (Lvl2) and numbered predictions (Lvl3): - **A, sample efficiency (epochs needed to hit target).** Its main mechanism is a port of airbench, Keller Jordan's fast CIFAR-10 training recipe, with TTA (test-time augmentation) removed. A public 8.11 s / 75.29% result on this same benchmark makes it the obvious starting point. That result comes only from search snippets; the code itself wasn't verified. Other mechanisms under A:   - alternating flip   - label smoothing 0.3 and no Cutout at short schedules   - SGD vs Muon   - the trade-off between width and epochs   - dropping easy examples late in training - **B, per-step throughput.** Mechanisms:   - GPU-resident data, since only 4 CPU cores are available   - channels_last + fp16 + compiling during the untimed build   - progressive resizing - **C, fixed overhead in the timed window.** Mechanisms:   - whitening init from a subset, plus one bulk transfer to the GPU   - zero recompiles during training, plus a safe eval path for every batch size The review's methodology points are now concrete predictions: - **Noise model (A1c):** the minimum accuracy and time differences that count as real, so smaller deltas are treated as inconclusive. - **TTA ban (A1b):** losing TTA leaves under 0.3 pp of margin at 8.5 epochs, so about one more epoch is probably needed. - **Recompile and eval checks (C2a):** zero recompiles in the timed region, and finite logits within 5 s for B in {1, 7, 513, 1024}. Recommended first steps: 1. Run the unmodified template, with prepare, train and per-epoch time logged separately. 2. Run the airbench port (A1a), then repeat it to get the noise estimate. Treat any result between 0.753 and about 0.756 as provisional, because of selection bias near the cutoff. Times measured on the SXM card won't transfer exactly to the PCIe judging GPU.
M002	ideate	E000	0.12	added I001, I002, I003, I004, I005, I006, I007, I008; dropped none. The queue was empty and only the infeasible template baseline has run, so the top priority is getting a first feasible run. Two priority-5 ideas do that: the airbench port at 8.5 epochs (H1.1.1) and a 9.5-epoch version as a hedge for the thin margin without TTA (H1.1.2). Next comes a replicate run to calibrate noise (H1.1.3). After that, three exploit refinements: wider and shorter training (H1.5.1), a cheaper prepare via subset whitening (H3.1.1), and max-autotune with a zero-recompile check (H2.2.1/H3.2.1). Two explore ideas round out the queue: Muon (H1.4.1) and progressive resizing (H2.3.1). Flip, label-smoothing, Cutout and data-filtering ablations are held back until a feasible incumbent exists. Nothing was dropped.
M003	ideate	E006	0.21	added I009, I010, I011, I012, I013, I014; dropped none. No run has met the target yet. The best so far is E006: 128/384/576 at 9.5 epochs, 0.7475 accuracy in 8.76 s. E004 showed that widening the last group is nearly free per step and buys sample efficiency. So the top idea runs 128/384/768 at 9.25 epochs, expected at about 0.755 in about 8.9 s, which should make it the first feasible incumbent. A second idea pushes the last group to 1024 at 8.5 epochs to find where extra width stops paying. Two exploit ideas go after per-step cost in the high-resolution group 1, which E004 identified as the expensive part: one cuts it from 3 convs to 2, the other narrows it from 128 to 96 channels. Each is judged against the ~1 pp per second exchange rate measured in E002. The explore ideas are a decisive label-smoothing 0.2 vs 0.3 test (H1.3.1) and loss-based data filtering (H1.6.1). Queued I007 (Muon) and I008 (progressive resizing) stay, because their hypotheses are still open. I dropped nothing. I left out the random-flip ablation (H1.2.1) and Cutout (H1.3.2) for now: both are expected to lower accuracy and would add information only. The queue now has 8 queued ideas.
M004	revise	E013	1.49	H1.1->inconclusive, H1.1.1->refuted, H1.1.2->inconclusive, H1.1.3->retired, H1.4->refuted, H1.4.1->refuted, H1.5.1->refuted, H2.1->retired, H2.2->refuted, H2.2.1->refuted, H3.1->supported, H3.1.1->supported, H3.2.1->inconclusive, +H1.7, +H1.7.1, +H1.7.2, +H1.7.3, +H1.7.4, +H1.7.5, +H2.4, +H2.4.1, +H2.4.2, +H2.4.3, +H2.5, +H2.5.1, +H3.2.2, +H4, +H4.1, +H4.1.1, +H4.2, +H4.2.1. Rolled up the evidence and fixed bookkeeping errors: - **Optimizer:** H1.4 and H1.4.1 are refuted, since Muon beat SGD in E007. H1.1 is now inconclusive: its source PR is unreliable, and the target was not reached under SGD within 9.5 epochs. H1.1.1 is refuted. H1.1.2 is re-scored as inconclusive because its absolute clause failed. H1.1.3 is retired as vacuous. - **Width:** H1.5 is now an optimizer-conditional group-3 width claim (E004- under SGD, E008+ under Muon). H1.5.1 is refuted. - **Throughput:** H2.2 is narrowed to the compile mode and refuted, along with H2.2.1. H2.1 and its child are retired because the GPU loader was adopted in E001 and never isolated. - **Overhead:** H3.1 and H3.1.1 are supported, and H3 is lowered to 0.25. - **Search evidence:** H2.3 and H2.3.1 are raised and restated around Fable's 24/28/32 whole-image downsampling. H1.6 is lowered. New nodes: - **MU (under H1):** Muon tuning. Predictions: the Muon epoch slope, removing Lookahead in favour of linear decay, Hiverge's batch-1536 settings, an SGD@2000 attribution check, and an LR floor. - **G1 (under H2):** group-1 step cost is limited by memory bandwidth rather than FLOPs. Predictions: a profiler breakdown, depth cut plus 9.5 epochs, and a combined depth-and-width cut. - **CG (under H2):** CUDA graphs plus batched Newton-Schulz to cut launch overhead. - **W1 (under H3.2):** warm up the full Muon optimizer step in build to remove the first-trial excess. - **V (new Lvl1):** variance and safety margin, with a perturbation-noise model (Vn) and a weight-EMA prediction (Va). Open Lvl1 nodes: H1, H2, H3 and V.
M005	ideate	E013	0.29	added I015, I016, I017, I018, I019, I020, I021, I022; dropped none. The queue was empty (all done or dropped), so I added 8 ideas. Exploit: (1) E009's group-1 depth cut plus 0.5 epoch under Muon (H2.4.2, about 8.45 s at about 0.755); (2) progressive resizing, half at 24 px, over 10.5 epochs (H2.3, about 8.0 s at about 0.755). Both build on the best near-misses below 1 pp/s. Next, the missing control for Muon's epoch slope (H1.7.1, 8.5 epochs), which re-scores every pp/s comparison. Then Muon-recipe cleanup (no Lookahead, linear decay; H1.7.2) and batched-NS plus CUDA graph (H2.5.1). Explore: the Hiverge batch-1536 settings (H1.7.3), a late weight EMA for variance and margin (H4.2.1), and warming the optimizer step in build (H3.2.2). Nothing to drop: I010 was already dropped, and no queued idea rests on a settled hypothesis. I left out stacking the depth cut with resizing until each has been measured alone, because both act on the same group-1 layers.
M006	ideate	E019	0.41	added I023, I024, I025, I026, I027, I028; dropped none. The incumbent is E018: 2/3/3 net, Muon at batch 1536, CUDA-graphed step, 9.5 epochs, 0.7571 @ 8.16 s, with about 0.41 pp of margin to spend. The top exploit stacks progressive resizing (5 epochs at 24 px + 6 at 32 px, 11 in total) on this faster, higher-margin base. E015 showed resizing costs about 0.5 pp/s, half the epoch line, so I expect about 0.756 at 7.6 s. The second exploit trims to 9.25 epochs (about 7.95 s, about 0.755). That banks the margin and also measures the epoch exchange rate on the current recipe. Two lower-priority explores tune Muon: an LR floor at 5% of peak (H1.7.5), and batch 1024 with sqrt-scaled lr (extending E017's batch finding). Two more are information-oriented: a group-1 cut to 1 conv with +0.75 epoch, plus a profiler breakdown (H2.4/H2.4.1), and a salted replicate to calibrate perturbation noise (H4.1.1), which many small-delta verdicts depend on. I021 (EMA, H4.2.1) stays queued, which brings the queue to 7. I left H1.2.1 (flip) and H1.3.2 (Cutout) without ideas, because both can only confirm what the incumbent already does and neither would improve time.
M007	ideate	E022	0.49	added I029, I030, I031, I032, I033, I034; dropped I028. The incumbent is E021: progressive resizing (5 epochs at 24 px + 5.75 at 32 px), a 2/3/3 net, Muon at batch 1536 and a CUDA-graphed step, giving 0.7552 @ 7.62 s with only +0.22 pp of margin. Epoch trims and the batch axis are closed, so I'm proposing per-step cuts that keep accuracy, plus margin-building tweaks: - Turbo-Muon preconditioning with 2 Newton-Schulz steps (H2.5, about -1.5%). - A 24/28/32 px three-stage schedule (H2.3.1, about -1.5 to -2.5%). - Lighter regularization in the 24 px phase only, per EfficientNetV2 (H2.3, +0.1-0.25 pp to spend on epochs). - Cutting group 1 to 1 conv with +0.5 epoch, rebased onto E021, with a profiler check of H2.4.1. - A salted noise replicate on E021 (H4.1.1). - An explore run of airbench94_muon weight renormalization (H1.7). I027 and I028 are dropped because they were tied to the superseded E018 base; their rebased versions are among the ideas above.
M008	revise	E027	2.07	H1.1->retired, H1.1.2->refuted, H1.3.1->inconclusive, H1.5->inconclusive, H1.6->inconclusive, H1.6.1->refuted, H1.7.1->inconclusive, H1.7.2->refuted, H1.7.3->inconclusive, H1.7.4->retired, H1.7.5->retired, H2.3->supported, H2.4.1->refuted, H2.4.2->supported, H2.5->supported, H2.5.1->supported, H3->supported, H3.2->supported, H3.2.1->supported, H3.2.2->supported, H4.2->inconclusive, H4.2.1->refuted, +H1.8, +H1.8.1, +H1.6.2, +H1.7.6, +H2.3.2, +H2.3.3, +H2.3.4, +H2.4.4, +H2.5.2, +H4.3, +H5, +H5.1. The tree now treats noise as the main problem, matching the review. H4 is rewritten as a decision/selection-noise hypothesis, the salt replicate (H4.1.1) is retargeted onto E021, and a winner's-curse dev-seed prediction is added (N9). Verdicts inside the ~0.2 pp band are downgraded: H1.3.1 and H1.7.3 to inconclusive, H4.2 to inconclusive. H1.1.2 is changed to refuted, because 'supports' rested on one clause of the prediction. The SGD branch H1.1 and H1.7.4 are retired; H1.7.5 is retired because the schedule already decays only to ~0.07x. H1.5 is set to inconclusive: its evidence was misfiled and the E008 record is inconsistent. H1.7 is lowered to 0.3 and rewritten as an untuned Muon lr/momentum hypothesis, since E016 shows the SGD-era parts do useful work. H2.4.1 is refuted by the profiler (23% non-conv time) and H2.4 is rewritten around conv efficiency in the high-resolution stage. Marked supported: H2.3 (resizing, -4.2% time), H2.4.2 and H2.5/H2.5.1 (CUDA graph, -3%). H3 and H3.2.x are supported and closed as exhausted. New nodes: a wide-span epoch-slope measurement (N1/N1a) to replace the unmeasured ~1 pp/s line; a lighter loss filter to settle H1.6; a Muon lr sweep; FixRes/fast-BN-momentum, low-res batch-size and resolution-tied regularization children under H2.3; whitening-bias freezing (N7); NS 3 to 2 plus periodic renormalization (N8); and a new Lvl1 on transfer to the PCIe judging GPU and the 40-seed mean (N10). Suggested order: salt replicates and dev seeds on E021, then the wide-span slope, then NS=2 and whitening-bias freezing, then the resizing-schedule sweep.
M009	ideate	E027	0.57	added I035, I036, I037, I038, I039, I040; dropped none. The queue had no queued ideas left, so I added 6 (4 exploit, 2 explore). The binding constraint is margin: pooling E025 and its salted re-run (E027) puts the incumbent's expected accuracy at about 0.7533, right at the 0.753 bar. Accuracy deltas are judged against that pooled figure, not E025's single draw of 0.7539. 1. **Muon lr 1.25x (H1.7.6), priority 5.** A free accuracy gain is the most valuable result now. The rationale is that Turbo preconditioning shrank the effective update by about a third. 2. **Whitening bias trained only in the 24 px phase, then detached (H2.4.4), priority 4.** This removes work in the 28/32 px phases and needs no extra graph. Expected time -1 to -2% with accuracy unchanged. 3. **20 px for the first 2 epochs (H2.3), priority 3.** Extends the resolution ladder. Expected -3 to -4% time for about -0.15 pp; pair it with any margin gain. 4. **Batch 3072 in the 24 px phase only (H2.3.3), priority 2.** Halves the fixed Muon cost per low-res step. Riskier for accuracy. 5. **+0.5 epoch at 32 px (H1.8.1), priority 2.** Measures the pp/s slope and gives a safe fallback config. It won't beat E025 on time, so it is calibration only. 6. **Label smoothing 0.4 (H1.3.1), priority 2.** The last untested direction of that knob; time-neutral. No queued ideas needed dropping. I left H1.2.1 alone because alternating flip is already in the recipe, and skipped H1.6.2 and H2.4.3 because their priors are weak. H4.3 (dev seeds) isn't a file change, so it can't be an idea here.
M010	ideate	E031	0.59	added I041, I042, I043, I044, I045, I046, I047; dropped I040. The incumbent is E030: 0.7533 in 6.95 s. Its expected accuracy, from the pooled E025/E027 calibration, sits right at the 0.753 bar, so any time cut needs either extra margin or a near-zero accuracy cost. I dropped I039 and I040 because both were built on E025, which E030 has replaced. Both are re-queued unchanged on E030. The new queue has 7 ideas. Four are exploits: - **Freeze group-1 conv in the 32 px phase (H2.4, priority 4):** freeze the first group-1 conv block during the 32 px epochs. This removes its 32x32 weight-gradient and BN backward work. Expected about -2 to -3.5% time. - **1 Newton-Schulz step after AOL (H2.5.2, priority 3):** expected about -1 to -1.5% time. - **Move one 32 px epoch to 28 px (H2.3.2, priority 3):** tests whether the closing 32 px phase only needs to re-fit BN and the head. Run with 2 salts; expected about -2.5% time. - **+0.5 epoch at 32 px on E030 (H1.8.1, priority 4):** calibrates the accuracy-per-second slope and gives a safe-margin fallback config. Three are explores, each meant to add margin: - **One extra 20 px epoch (H1.8, priority 3):** compares the cheapest epoch against the 32 px tail as a way to buy margin. - **Label smoothing 0.4 (H1.3.1, priority 2):** the last untested direction of the label-smoothing knob. - **Muon momentum 0.75 (H1.7, priority 2):** momentum is untested, while lr is already known to be flat. Margin-adding runs can't be kept on time alone. Their job is to set the exchange rate between accuracy and time, and to say which margin source should pair with the time cuts.
M011	revise	E040	2.91	H1.1.2->supported, H1.6->refuted, H1.7.1->retired, H1.7.5->open, H1.8->inconclusive, H1.8.1->inconclusive, H2->supported, H2.3.1->inconclusive, H2.3.3->refuted, H2.3.4->inconclusive, H2.4->supported, H2.4.3->retired, H2.4.4->supported, H2.5.2->supported, H4.1->supported, H4.1.1->supported, H4.2->refuted, +H6, +H6.1, +H6.1.1, +H6.1.2, +H1.9, +H1.9.1, +H1.8.2, +H2.6, +H2.6.1, +H2.6.2, +H2.4.5, +H2.4.6, +H2.5.3, +H2.5.4, +H1.7.7, +H1.7.8, +H1.7.9, +H1.7.10, +H1.3.3, +H1.3.4, +H1.3.5, +H4.3.1. The tree is revised. Time has dropped from 8.16 s to 6.68 s, all through per-step and work-removal cuts (H2). Over the same stretch, margin has worn away to nothing: the incumbent (E033) has a 2-salt mean of 0.7525, below the 0.753 bar. **Status changes and rollups** - **Closed as supported:**   - H2 (0.8), because its children H2.3, H2.4 and H2.5 are all supported.   - H2.4.4 (E029).   - H2.5.2, now restricted to the 3→2 Newton-Schulz step with AOL. E024 supports it. E035 only refutes going down to 1 step.   - H4.1 and H4.1.1. The salt companions E027 and E034 each moved the 3-seed mean by about 0.12 pp.   - H3, closed as exhausted. - **Refuted:** H2.3.3 (bigger batch at low resolution, E031), H1.6 (loss filtering, E013) and H4.2 (weight EMA). - **Downgraded to inconclusive:**   - H2.3.1. The time saving was real, but its accuracy floor of 0.755 failed on the 2-salt mean of 0.7533.   - H1.8 and H1.8.1. "Still under-trained" is no longer established. E032 and E036 each changed the schedule anchors along with the epoch count, and each delta is only about 1 SE.   - H2.3.4 (tested by E026). - **Retired:** H1.7.1, H2.4.3 and H1.6.2. - **Reopened:** H1.7.5, the LR floor. It was retired without a test, and the Fable champion uses one. **Bookkeeping fixes** - H1.1.2's status now matches its verdict. - H1.5 no longer cites E009 and E010. - E026 has moved from H2.3 to H2.3.4. - H2.4 is rewritten as a work-removal (FreezeOut) mechanism. - H4 and H5 now reflect the current situation:   - **H4:** every kept run since E024 cleared the bar on a single draw, while the salt-0 means kept falling, and both salt-1 companions came in lower.   - **H5:** one search snippet says the official judge may be an L40S rather than the A100 80GB PCIe. Check this against RULES.md. **New hypotheses** - **New Lvl1, N1:** accuracy is capped by model capacity and regularization. Its main test (N1a1/N1a2) is cheap width in groups 2 and 3 at equal epochs. - **N2:** step placement relative to the schedule anchors matters, not epoch count. It comes with an anchor-fixed re-run of E036 and a clean slope test. - **Faster steps:**   - Kernel efficiency (N3): an amax head pool and an eval-mode BN in the frozen block.   - More freezing (N4a/N4b): train the whitening bias for only about 0.2 epoch, and freeze the 28 px phase too.   - Less launch overhead (N5a/N5b): renormalize every k steps instead of every step, and capture the whole run as one CUDA graph. - **Margin candidates:**   - Precise BN re-estimation (N6a).   - Muon momentum, the lr-damping diagnostic and Polar Express coefficients (N7a–N7c).   - Splitting Lookahead from the triangle schedule (N7d).   - Label smoothing 0.4, head scale, and brightness/contrast jitter (N8a–N8c). - **Dev-seed test of the winner's curse (N9a).** **Recommended order** 1. Calibrate the incumbent with dev seeds (N9a). 2. Run the margin-adding changes with 2 salts each. 3. Only after that, resume freezing and other time cuts, keeping a change only if its 2-salt mean is ≥0.753 or its salt-0 result is ≥0.755.
M012	ideate	E040	0.67	added I048, I049, I050, I051, I052, I053, I054, I055; dropped none. The queue was empty, so I added 8 new ideas; there is nothing to drop. The current tip is E038, which scored 0.7546 on the official seeds (salt 0) at 6.68 s, but its 2-salt mean is only about 0.7527. That makes margin the binding constraint, and the queue is built around it. **Safest time cut (priority 5):** swap the head's adaptive max pool for `amax` (H2.6.1). The numerics stay the same, so it can be kept without spending margin. **Margin-adding exploits (priority 4), each judged with 2 salts:** - Re-estimate the BN running stats after the final Lookahead sync, using a few un-augmented 32 px training batches (H2.3.2, from D004). - Widen group 3 to 768 at equal epochs (H6.1.1). This is the clean capacity test that E008 confounded with an epoch cut. **Further time cuts (priority 3):** these change numerics, so they are judged against the bar plus a companion run: - Train the whitening bias for only ~0.25 epoch, then detach its output in every phase (H2.4.5). - Put the frozen block's BN in eval mode at 32 px (H2.6.2). **Calibration (priority 3):** a 10-dev-seed run of the tip (H4.3.1), to measure the winner's-curse bias and settle the keep rule. **Explores (priority 2):** Polar Express coefficients for the Newton-Schulz steps (H1.7.9), checked first on real gradient matrices, and a 2x head logit-scale sweep under ls 0.4 (H1.3.4). If a margin-adding idea passes, that margin can pay for the time cuts that were blocked: the E037 28 px shift and freezing conv1 at 28 px (H2.4.6).
M013	revise	E046	2.66	H2.6.1->supported, H2.6->supported, H2.4.5->refuted, H1.5->retired, H6.1.1->refuted, H1.3.3->refuted, H1.7.7->inconclusive, H4.1->open, H4.2->inconclusive, H4.2.1->inconclusive, +H4.4, +H4.4.1, +H2.3.5, +H6.2, +H6.2.1, +H6.1.3, +H2.4.7, +H2.4.8, +H1.7.11, +H1.7.12, +H4.5. I revised the tree after the E038-E045 results, the search on the judge and on the Hiverge, airbench and Polar Express recipes, and the skeptical review. **Closed or downgraded** - H1.3.3 refuted: ls 0.4 and ls 0.3 have the same 2-salt mean (0.7527 vs 0.7525). - H2.4.5 refuted: training the whitening bias for 8 steps cost 0.47 pp (E045). - H6.1.1 refuted on its time bound: group 3 at 768 cost +10% (E044). The +0.4 pp it gained was a single draw. - H1.5 retired into H6.1, after removing the misfiled E009/E010 evidence. - H1.7.7 marked inconclusive. - Single draws inside noise were downgraded: E012 (H1.3.1) and E019 (H4.2/H4.2.1 → inconclusive, H4.2 raised to 0.25). - Confidence lowered on the 'no accuracy cost' half of H2.3 (0.65) and H2.4 (0.65), on H6 (0.35, its falsifying test H1.8.2 was never run) and on H1.7 (0.22, the tested knobs were flat). **Supported** - H2.6.1 and H2.6: E042's pooling swap cut time 2.8%. The swap is numerically equivalent, so its accuracy re-roll was noise the change did not cause. **H4 and H5** - H4 is reframed. Companion draws come in lower because of winner's curse, not because the official seeds are favourable. - H4.1 is reopened, since the source of the nondeterminism seen in E043 is unresolved. - H4.3 gains E034+ and E039+. - H5 is updated: the judge is confirmed as an A100 PCIe with 40 trials. - H2.5.4 is dropped to 0.08, because Fable saved only ~0.3% with a whole-run graph. - H1.7.9 is refined to recompute the Polar Express coefficients for num_iters=2. **New hypotheses** - Variance source, with an identical-rerun test (N1/N1a). - An acceptance rule judging numerically equivalent cuts on time alone (N10). - Margin accounting via a second draw of E024 (N2). - Orthogonalization quality as the accuracy cap, tested with a third NS step (N3/N3a). - Cheaper capacity: group 3 at 640, stacked with the pooling cut (N4). - Cutting group 2 to 2 convs (N5). - An intermediate whitening-bias window of about 1 epoch (N6). - Fast BN momentum as a free replacement for E043's re-estimation (N7). - NorMuon (N8). - Untested Muon weight decay and BN-bias LR multiplier (N9). **Process checks still pending:** verify which recipe E027 actually ran (commit ff1557d), since the pooled 0.7533 estimate depends on it. **Suggested order** 1. The identical re-run (N1a). 2. The pooling cut re-applied with 2 draws (N10). 3. The anchor-fixed epoch slope test (H1.8.2). 4. One margin source verified with 2 draws (N4, N7 or N2), then the banked time cuts stacked in a single run.
M014	ideate	E047	0.80	added I056, I057, I058, I059, I060; dropped none. Where things stand: E046 put the E038 tip at a 10-seed mean of 0.7534 (per-seed std 0.28 pp) and showed that identical code reproduces bit-for-bit. So a single official draw at >=0.7535 is acceptable again, and dev seeds 3-12 now give about 0.09 pp SE per config. That is cheaper and sharper than salts, so every new margin idea measures its gain on dev seeds as well as on the official run. New ideas (5, which brings the queue to 7): - Top priority (exploit) combines two earlier near-misses: the banked -0.19 s pooling cut from E042 and a cheaper 4-batch version of E043's BN re-estimation. Expected time is about 6.55 s, and the run also measures how much accuracy the BN re-estimation really adds (H2.3.2). - Two removed-work cuts to stack on that base:   - Whitening-bias window limited to the 20 px phase, with the whitening output detached at 24 px (H2.4.8). The cut lines up with a phase boundary, so the graph count does not change.   - The conv1-block freeze extended to the 28 px phase (H2.4.6). - One capacity step: group 3 at 640 channels (H6.1.3), run only if a microbenchmark on the current recipe shows ms/step rising by no more than 4%. This is the lesson from E044. - One free explore: the BN-bias lr multiplier halved to 32x (H1.7.12). Weight decay on the Muon convs is effectively a no-op under the per-step weight renorm, so only the SGD-group settings are live knobs here. Kept as queued: I054 (Polar Express, H1.7.9) and I055 (head output scale, H1.3.4). Both test open hypotheses and add no time. I053 is still running. Nothing is dropped. Not queued, and why: - Group-2 depth cut (H2.4.7): not worth running while the recipe looks capacity-limited (H6). - Muon renorm every k steps (H2.5.3) and whole-run CUDA graph (H2.5.4): overhead-type cuts that may not carry over to the PCIe judge (H5.1). - Anchor-fixed epoch tests (H1.8.2, H1.9.1): at best about 0.35 pp/s, which is too expensive to help the score.
M015	revise	E053	3.58	H4.1->supported, H4.3->supported, H4.3.1->supported, H4.4->supported, H4.4.1->supported, H2.4.6->inconclusive, H6.1.3->inconclusive, H2.4.8->inconclusive, H2.6.2->refuted, H2.5.4->retired, H3->retired, H3.1->retired, H3.2->retired, H1.7.6->inconclusive, +H7, +H7.1, +H7.1.1, +H1.3.6, +H1.3.7, +H2.5.5, +H2.5.6, +H2.6.3, +H6.1.4, +H4.5.1, +H1.7.13. I made 31 updates and added 13 new hypotheses, including one new Lvl1 (N1). **Noise bookkeeping (H4 branch)** - E046 reproduced E038 bit-identically, so H4.4.1 is now supported. H4 and H4.1 are rewritten: the official metric is deterministic per code; salts and dev seeds are the replicates; per-seed std is 0.28 pp. Comparisons must be like for like, judged with a symmetric 2-SE band, and harmless edits must never be used to fish for a passing draw. - H4.3 and H4.3.1 are supported. The E038 family's expected accuracy is about 0.7531, and the official seeds run about +0.15 pp high. The 'freezing lowers variance' branch is dropped. - H4.5 is restated as a claim about expected accuracy only. Under it, an official stacking run needs a dev mean of about 0.7545 or more. Its child N9 pre-registers the planned 640 + banked-cuts stack as roughly a coin flip (dev mean forecast at about 0.753), so it should not be run yet. **Verdicts made symmetric** - H2.4.6 (E050, -0.21 pp, about 1.6 SE) moves from refuted to inconclusive, matching H6.1.3 (E051, +0.19 pp). - H6.1.3 is inconclusive: 640 costs about +2.9% for +0.19 pp, roughly 1 pp/s. - H6.1 and H6 are lowered to about 0.3, because H6's own falsification test has not been run. - H1.7.6 (lr flat, one draw) is now inconclusive. - H2.6.2 is refuted on magnitude (E047: -0.3% time against the ≥1% predicted). - H2.4.8 is inconclusive: the 2-epoch bias window is a neutral cut but saves only about 0.9%. **Splits and closures** - H2.3.2 is narrowed to 'a shorter 32 px phase is cheap', with a new dev-seed test (N6). BN re-estimation is closed as no-gain. - Retired: H3, H3.1 and H3.2 (lever exhausted), and H2.5.4 (Fable found graph gains neutral). - H1 is narrowed to time-free sample-efficiency knobs. **Search-driven changes** - H1.2 and H1.2.1 are raised to about 0.5: the airbench ablation puts alternating flip at a 15% epoch-equivalent speedup at 10 epochs. H1.2.1 now runs on dev seeds. - H1.7.12 is rewritten: per-step renorm makes Muon-weight wd a dead knob, so only the SGD-group wd, SGD-group momentum and the BN-bias LR remain. - H6.2 and H6.2.1 are lowered, since more exact orthogonalization does not reliably help. H1.7.9 (Polar Express slope) is raised slightly. - H5 is raised to 0.45 (PCIe judge confirmed; Fable found launch-overhead wins small). H5.1 is now a tie-breaker only. **Re-scoped tests** - H1.8.2 and H1.9.1 are re-scoped as anchor-fixed dev-seed tests, top priority. They give the current exchange rate and decide between H6 and H1.8. **New hypotheses** - **N1 (new Lvl1):** fit limit vs generalization gap, with a dev-only train-accuracy diagnostic (N1a, N1a1). - **N2:** online label smoothing. - **N3:** hierarchical smoothing with coarse labels; legality must be checked in RULES.md first. - **N4:** reuse the AOL Gram matrix in the first NS step. - **N5:** 2-step Gram Newton-Schulz (stability risk). - **N7:** a fresh per-phase kernel profile to look for hidden atomic or un-graphed work. - **N8:** group-2 depth-for-width trade (2 convs at 512 vs 3 at 384). - **N10:** frozen BN weight and eps 1e-12, as in the reference recipes. Open Lvl1 hypotheses: H1, H4, H5, H6 and N1.
M016	ideate	E053	0.82	added I061, I062, I063, I064, I065, I066, I067; dropped none. E053's head scale (2x) is the first real margin source since E030, worth about +0.44 pp on dev seeds (0.7578), so the loop changes from finding margin to spending it. Seven new ideas are queued, alongside I060, which is still running. **Exploit (spend the margin, in order):** - **A, priority 5:** stack the two cuts already measured as neutral on dev seeds, the pooling change and the 2-epoch whitening-bias window. Expected about 6.44 s, with dev around 0.7565. - **Priority 4:** add the 28 px tail shift (H2.3.2), another -0.10 s. - **Priority 3:** cut the 32 px tail by half an epoch (H1.8), about -0.35 s. This also measures how much the tail is worth: E032 suggested it may be saturated. - **Priority 3:** cut group 2 from 3 convs to 2, behind a microbenchmark gate (H2.4.7). - **Priority 2:** reuse the Gram matrix in Muon's Newton-Schulz step (H2.5.5). This needs a code check first. **Explore:** - **Priority 4:** probe head scale 3x (H1.3.4). The scale is still the most promising free knob. - **Priority 2:** a dev-only diagnostic of how well the model fits the training set (H7.1.1). It decides whether further margin should come from capacity and more steps or from regularization. Every keep needs the dev 10-seed mean at or above 0.754 and the official run at or above 0.7535, so no passing draw is selected by chance. Nothing is dropped: all earlier queued ideas are done or already dropped, and I060 is in progress.
M017	ideate	E059	0.86	added I068, I069, I070, I071, I072; dropped none. I added 5 ideas and dropped none, so the queue now holds 7: the 2 already queued (the I066 train-fit diagnostic and I067's Gram reuse) plus these 5. **Where things stand.** E059 is the incumbent: official 0.7565, dev 0.7557, at 5.25 s. Its expected margin over the 0.753 bar is only about +0.27 pp on dev seeds, so the next steps need to add margin and keep cutting work. **Margin (time-free), priority 5.** Halve the BN-bias lr multiplier again, from 32x to 16x. This is the contingency E054 left open: going from 64x to 32x gave +0.27 pp on dev, and the only other margin source found since E030 is the head scale. **Time cut, priority 4.** Cut group 3 from 3 convs to 2. E059 showed that removing one deep, low-efficiency conv saved about 0.73 s for only -0.15 pp. The group-3 conv also carries the largest Newton-Schulz matrix, so I expect -7 to -10% time for about -0.3 pp. A microbenchmark runs first and decides whether the full run goes ahead. **Capacity, priority 3.** Widen group 2 from 384 to 448 channels in its 2 convs (H6.1.4). This trades depth for width and buys back accuracy at an exchange rate that can be compared with the 32 px tail's 0.67 pp/s. **Explore, priority 2.** - Add one 20 px epoch with the schedule anchors fixed in absolute steps (H1.9.1). This finally tests whether E036's loss came from moved anchors, now that an epoch is cheap. - Cyclical Muon momentum that runs opposite to the LR triangle (D004 C0029), which costs no time. Every idea is judged on dev seeds 3-12 against E059's dev mean (0.7557). Keep rules require dev ≥0.754 and official ≥0.7535.
M018	revise	E064	4.09	H1->supported, H6->refuted, H6.1.3->retired, H7->refuted, H7.1->refuted, H7.1.1->refuted, H1.9->refuted, H1.9.1->refuted, H1.8->retired, H1.8.1->retired, H2.4.6->refuted, H2.3.2->supported, H2.3.5->retired, H1.3.4->supported, H4.2->refuted, H4.2.1->refuted, H4.5.1->retired, H4.5->supported, H2.4.8->supported, H2.4.7->supported, H1.7->inconclusive, H1.7.12->supported, H1.7.9->refuted, +H1.10, +H1.10.1, +H1.10.2, +H1.10.3, +H1.10.4, +H1.11, +H1.11.1, +H1.11.2, +H2.7, +H2.7.1, +H2.7.2, +H2.7.3, +H1.12, +H1.12.1, +H1.3.8, +H4.3.2. I brought the hypothesis tree up to date with E053–E063, the search findings and the skeptical review. **Status corrections** - **H7.1.1:** refuted. E060 measured train accuracy at 0.964, which meets the prediction's own refutation criterion. It had been mislogged as supporting. H7 and H7.1 are refuted as stated: the recipe does not under-fit the training set. - **H6:** refuted. Head scale and BN-bias LR raised dev accuracy to 0.7586 without adding capacity, so the "75.3% cap" is broken. Its old-base children are retired, and the orthogonalization-quality question moves to a new node under H1. - **Other statuses fixed:**   - H1.9.1 and H1.9 refuted (E063).   - H2.4.6 refuted.   - H4.2 and H4.2.1 refuted.   - H1.7.9 refuted.   - H2.3.2, H1.3.4, H2.4.7, H2.4.8, H2.6.1 and H4.5 supported.   - H1.3.3 gets its evidence tokens.   - H4.5.1, H2.3.5 and the H1.8 subtree retired as superseded. **Restatements** - **H4/H4.3:** official minus dev is a zero-mean residual (σ≈0.2 pp), not a +0.15 pp favourable offset. Licensing an official run now needs a dev mean of about 0.7555–0.7558 or higher. - **H1:** marked supported, with the margin sources found so far listed in the statement. - **H1.7:** narrowed to Muon-internal knobs (inconclusive). Every test of those knobs so far was flat or negative. - **H2.4:** records the depth floors: groups 1, 2 and 3 at 2, 2 and 3 convs. - **H1.2.1:** restated on the current tip with smaller expected effects, taken from the airbench paper. **New nodes** - **N_SGD (Lvl2 under H1):** the step sizes of parameters left on SGD are mis-scaled under Muon. Predictions: BN-bias 8x to bracket the optimum, head lr at fixed 2x scale, head scale re-swept at 16x, and SGD momentum 0.825. - **N_ALLOC:** early low-res epochs are saturated and accuracy lives in the high-res tail. Predictions: drop a 24 px epoch with anchored warmup and Lookahead ramp, then reallocate the saved time to the 32 px tail. - **N_COST (under H2):** step cost is roughly proportional to multiply-accumulates and dominated by the group-2/3 entry convs. Predictions: a per-layer profile, then width cuts of group 2 (384→320) and group 3 (576→512). - **N_NS:** test AOL with 3 Newton-Schulz steps (AOL+3) to check whether orthogonalization is saturated at 2 steps. - **N_REG.1:** Cutout only in the 24/28 px phases. - **N_HOLD:** a fresh held-out seed block (13–22) to de-bias the dev mean after repeated selection on seeds 3–12. **Open Lvl1s:** H4 and H5. **Logging error:** E058's logged description is wrong. The actual change was 32 px tail 3→2.5 epochs, not 4→3.5, so the 0.67 pp/s tail rate should be read against 3→2.5.
M019	ideate	E064	0.93	added I073, I074, I075, I076, I077, I078, I079, I080; dropped none. The queue was empty (every idea was done or dropped), so I added 8 ideas built on the E061 tip (dev 0.7586 @ 5.24 s). Expected margin is about +0.28 pp over the dev level of about 0.7558 needed for P(official ≥ 0.753) ≈ 0.9. The split is 5 exploit and 3 explore. **Exploit, adding margin at no time cost:** - **BN-bias 8x (H1.10.1, priority 5):** the pre-registered next step after two +0.28 pp halvings. - **Head lr 0.5x at fixed scale 2x (H1.10.2):** separates the effective-lr part of E053's head-scale gain. **Exploit, removing time:** - **Group-2 width 384→320 (H2.7.2):** behind a microbenchmark gate. It is the largest remaining structural lever, since widening to 448 cost +13.6%. Expected about -6 to -11% time. - **Drop one 24 px epoch with anchors fixed (H1.11.1):** expected about -0.35 s, given that the early phase is saturated (E036, E063). - **Freeze BN weight (H1.7.13):** a small cut, gated on a code check first. **Calibration:** - **Held-out seeds 13-22 on E061 (H4.3.2):** de-biases the dev mean after about 6 selections on the same dev seeds and sets the keep bar for the time cuts. **Explore:** - **AOL + 3 NS steps (H1.12.1):** tests whether orthogonalization quality is still below saturation. - **Cutout in the 24/28 px phases only (H1.3.8):** tests input regularization, given the 21 pp train-test gap from E060. No queued ideas needed dropping. If the BN-bias 8x run adds margin, stack it with the group-2 width cut and the 24 px drop next.
M020	ideate	E069	0.98	added I081, I082, I083, I084, I085; dropped none. The current tip is E067 (4.85 s). Its official score is 0.7544 on 3 seeds, its dev mean on seeds 3-12 is 0.7573, and on held-out seeds 13-22 it scores 0.7562, about 0.3 pp of expected margin over 0.753. That margin is too thin to bank E066's group-2 width cut to 320 channels. That cut saves 0.28 s but costs about 0.32 pp, which would land the expected accuracy on the bar. So the queue goes after margin first and time second. **Ideas added (5):** - **Head lr ×2 (priority 5).** This is the contingency E068 pre-registered: halving the head lr cost 0.35 pp, so the opposite direction may add margin at no time cost. - **Stack group-2 width 320 (priority 4).** It runs only once a kept tip reaches a dev mean of at least 0.7590. - **Profile, then remove overhead (priority 3).** A profiler pass looks for un-graphed per-epoch augmentation and Lookahead work. The largest item over 1% of train time gets removed with bit-identical results; if nothing reaches 1%, there is no run. - **Gram Newton-Schulz (priority 3, explore).** It goes to an official run only if it passes an offline fp16 check on real gradient matrices. - **SGD-group momentum 0.825 (priority 2).** This closes the last un-swept knob in that group. **Still queued (2):** - I078: a third Newton-Schulz step after AOL, testing whether orthogonalization quality is saturated. - I079: Cutout only in the 24/28 px phases, testing whether input regularization helps given the 21 pp train-test gap. **Dropped:** none. Both queued ideas still test open hypotheses. That leaves 7 queued ideas: 3 exploit and 4 explore. All of them use the same keep rule: dev mean at least 0.7558 and official at least 0.753. Held-out seeds 13-22 stay reserved for the final check.
