config_id,status,epochs,lr_end,lr_peak_frac,res_schedule,whiten_bias_epochs,n,mean_acc,sd_acc,se_acc,mean_time_local,error
ef4a178e5a4c,complete,9,,,"[[0.0, 20], [0.5, 32]]",,5,0.7468,0.00221,0.00099,6.034,
1226896a3f2a,complete,10,,,"[[0.0, 20], [0.5, 32]]",,5,0.75332,0.00276,0.00123,6.724,
93b7631d63ab,complete,9,,0.1,"[[0.0, 20], [0.5, 32]]",,5,0.74876,0.00326,0.00146,6.042,
183e3f6aa32a,complete,9,,0.35,"[[0.0, 20], [0.5, 32]]",,5,0.74754,0.00176,0.00079,6.042,
be656364e0bb,complete,10,,0.1,"[[0.0, 20], [0.5, 32]]",,5,0.75276,0.00266,0.00119,6.7,
e2e75979c3a7,complete,10,,0.35,"[[0.0, 20], [0.5, 32]]",,5,0.75026,0.00257,0.00115,6.72,
aa5ca1b1d31b,complete,9,0.0,,"[[0.0, 20], [0.5, 32]]",,5,0.7446,0.00228,0.00102,6.034,
2587186e9c10,complete,9,0.15,,"[[0.0, 20], [0.5, 32]]",,5,0.74876,0.00261,0.00117,6.056,
66c5da8442a7,complete,10,0.0,,"[[0.0, 20], [0.5, 32]]",,5,0.75244,0.00232,0.00104,6.722,
7493c20872a3,complete,10,0.15,,"[[0.0, 20], [0.5, 32]]",,5,0.75168,0.00203,0.00091,6.697,
f83dfbbc418e,complete,9,,,"[[0.0, 20], [0.5, 32]]",1.0,5,0.74526,0.00183,0.00082,6.035,
fc7c96408730,complete,9,,,"[[0.0, 20], [0.5, 32]]",6.0,5,0.7482,0.0023,0.00103,6.035,
6f57d0cab27f,complete,10,,,"[[0.0, 20], [0.5, 32]]",1.0,5,0.74958,0.00279,0.00125,6.706,
0f9077981ecb,complete,10,,,"[[0.0, 20], [0.5, 32]]",6.0,5,0.75372,0.00274,0.00122,6.695,
65a244871cd0,complete,9,,,"[[0.0, 20], [0.6, 28], [0.85, 32]]",,5,0.73488,0.00173,0.00077,5.07,
eea69138138d,complete,9,,,"[[0.0, 16], [0.5, 32]]",,5,0.73632,0.00219,0.00098,5.398,
8f02cf875927,complete,10,,,"[[0.0, 20], [0.6, 28], [0.85, 32]]",,5,0.73896,0.0023,0.00103,5.643,
770a219788b9,complete,10,,,"[[0.0, 16], [0.5, 32]]",,5,0.74108,0.00353,0.00158,6.007,
