config_id,status,epochs,widths,n,mean_acc,sd_acc,se_acc,mean_time_local,error
ce71ec0b8ba6,complete,8,"[128, 384, 512]",5,0.74052,0.00297,0.00133,5.363,
fa9545cbacf7,complete,8,"[128, 384, 640]",5,0.74858,0.00216,0.00097,5.783,
e7537b8eacc6,complete,8,"[128, 384, 768]",5,0.75056,0.00157,0.0007,6.239,
a5d592f4b8f0,complete,8,"[128, 320, 768]",5,0.74972,0.00141,0.00063,5.755,
29aef7535d22,complete,8,"[128, 384, 1024]",5,0.7564,0.00328,0.00147,7.26,
fea5bdbdd8b8,complete,9,"[128, 384, 512]",5,0.7468,0.00221,0.00099,6.034,
285b56ef079b,complete,9,"[128, 384, 640]",5,0.75488,0.00337,0.00151,6.51,
6c4b55d88c63,complete,9,"[128, 384, 768]",5,0.75728,0.00305,0.00137,7.016,
d405a829f07a,complete,9,"[128, 320, 768]",5,0.75314,0.00224,0.001,6.474,
c98e6c9161d3,complete,9,"[128, 384, 1024]",5,0.7606,0.00176,0.00079,8.165,
