config_id,status,epochs,translate,widths,n,mean_acc,sd_acc,se_acc,mean_time_local,error
3229bba37b61,complete,6,4,"[128, 384, 512]",5,0.72636,0.00142,0.00064,5.562,
d5e05cace1a0,complete,7,4,"[128, 384, 512]",5,0.73784,0.00192,0.00086,6.556,
105434027c23,complete,8,4,"[128, 384, 512]",5,0.74446,0.00288,0.00129,7.472,
fc9b80b0de34,complete,9,4,"[128, 384, 512]",5,0.75144,0.00173,0.00077,8.386,
c49da15fbaf6,complete,10,4,"[128, 384, 512]",5,0.75374,0.0024,0.00108,9.32,
faf7e74bf27d,complete,6,4,"[96, 256, 384]",5,0.70576,0.00157,0.0007,3.607,
487db7cc3747,complete,6,4,"[128, 512, 768]",5,0.74552,0.00372,0.00167,7.958,
79a7a5712673,complete,8,4,"[96, 256, 384]",5,0.72666,0.00244,0.00109,4.768,
f92f99e78bfe,complete,8,4,"[128, 512, 768]",5,0.75882,0.00254,0.00114,10.571,
a059babbd8a0,complete,10,4,"[96, 256, 384]",5,0.7389,0.00352,0.00157,5.929,
b16981c1344e,complete,10,4,"[128, 512, 768]",5,0.76818,0.00192,0.00086,13.184,
00b11939a82c,complete,8,2,"[128, 384, 512]",5,0.74858,0.00328,0.00147,7.461,
a19ca689ebd0,complete,10,2,"[128, 384, 512]",5,0.75854,0.00255,0.00114,9.304,
