config_id,status,batch_size,epochs,head_norm,label_smoothing,lookahead,optimizer,res_schedule,translate,widths,n,mean_acc,sd_acc,se_acc,mean_time_local,error
00b11939a82c,complete,,8,,,,,,2,"[128, 384, 512]",5,0.74858,0.00328,0.00147,7.381,
a19ca689ebd0,complete,,10,,,,,,2,"[128, 384, 512]",5,0.75854,0.00255,0.00114,9.327,
e96b151d25cc,complete,,8,,,,,,0,"[128, 384, 512]",5,0.73572,0.00345,0.00154,7.43,
d92e33947a61,complete,,8,,,,,,1,"[128, 384, 512]",5,0.74972,0.0029,0.00129,7.459,
0750871e7bf4,complete,,10,,,,,,0,"[128, 384, 512]",5,0.74552,0.00271,0.00121,9.283,
af049b7c301d,complete,,10,,,,,,1,"[128, 384, 512]",5,0.75714,0.00257,0.00115,9.318,
ee3d377db050,complete,,8,,0.1,,,,2,"[128, 384, 512]",5,0.74904,0.00134,0.0006,7.469,
e2ac012c427b,complete,,10,,0.1,,,,2,"[128, 384, 512]",5,0.75786,0.00327,0.00146,9.313,
e43e50ddaa15,complete,,8,,,False,,,2,"[128, 384, 512]",5,0.74094,0.00328,0.00147,7.459,
b51d5c84e5f2,complete,,10,,,False,,,2,"[128, 384, 512]",5,0.74952,0.00254,0.00114,9.293,
060bcd3223fa,complete,1536,8,,,,,,2,"[128, 384, 512]",5,0.7485,0.0032,0.00143,7.493,
71f4def32563,complete,1536,10,,,,,,2,"[128, 384, 512]",5,0.757,0.00465,0.00208,9.345,
1fb78ddfaf5a,complete,2048,8,,,,,,2,"[128, 384, 512]",5,0.74274,0.00183,0.00082,7.54,
bdb255972bfa,complete,2048,10,,,,,,2,"[128, 384, 512]",5,0.75194,0.00381,0.0017,9.414,
476752258d8a,complete,1024,8,True,,False,muon,,2,"[128, 384, 512]",5,0.74076,0.00254,0.00114,8.199,
c3b6c1d01cf6,complete,1024,10,True,,False,muon,,2,"[128, 384, 512]",5,0.7475,0.00202,0.00091,10.239,
7a1a2c1afb00,complete,2000,8,True,,False,muon,,2,"[128, 384, 512]",5,0.73622,0.00304,0.00136,8.09,
f764b368ece3,complete,2000,10,True,,False,muon,,2,"[128, 384, 512]",5,0.74426,0.0015,0.00067,10.109,
e7f7a4d7303a,complete,,8,,,,,"[[0.0, 24], [0.5, 32]]",2,"[128, 384, 512]",5,0.74656,0.00182,0.00081,5.844,
b5c6b0ea909d,complete,,10,,,,,"[[0.0, 24], [0.5, 32]]",2,"[128, 384, 512]",5,0.75434,0.0035,0.00157,7.295,
fbdb3cdf937e,complete,,8,,,,,,2,"[128, 512, 768]",5,0.76418,0.00359,0.00161,10.584,
4f94dac5eb8a,complete,,10,,,,,,2,"[128, 512, 768]",5,0.77082,0.00265,0.00119,13.173,
