batch_size,head_norm,label_smoothing,lookahead,optimizer,res_schedule,translate,widths,epochs_at_target,time_local_at_target,best_mean_acc
,,,,,,2,"[128, 384, 512]",8.888,8.245,0.75854
,,,,,,0,"[128, 384, 512]",,,0.74552
,,,,,,1,"[128, 384, 512]",8.884,8.281,0.75714
,,0.1,,,,2,"[128, 384, 512]",8.898,8.297,0.75786
,,,False,,,2,"[128, 384, 512]",,,0.74952
1536,,,,,,2,"[128, 384, 512]",9.059,8.473,0.757
2048,,,,,,2,"[128, 384, 512]",,,0.75194
1024,True,,False,muon,,2,"[128, 384, 512]",,,0.7475
2000,True,,False,muon,,2,"[128, 384, 512]",,,0.74426
,,,,,"[[0.0, 24], [0.5, 32]]",2,"[128, 384, 512]",9.656,7.045,0.75434
,,,,,,2,"[128, 512, 768]",<= 8,<= 10.584,0.77082
