config_id,status,epochs,res_schedule,widths,n,mean_acc,sd_acc,se_acc,mean_time_local,error
c6167e6b86fc,complete,9,"[[0.0, 24], [0.5, 32]]","[128, 384, 512]",5,0.75034,0.00389,0.00174,6.472,
b8466c8cee83,complete,11,"[[0.0, 24], [0.5, 32]]","[128, 384, 512]",5,0.75518,0.00103,0.00046,8.022,
866ce06e691e,complete,10,"[[0.0, 24], [0.7, 32]]","[128, 384, 512]",5,0.74734,0.00169,0.00076,6.481,
1647b0eeb389,complete,10,"[[0.0, 16], [0.3, 24], [0.6, 32]]","[128, 384, 512]",5,0.74494,0.00173,0.00077,5.991,
a04515a1338e,complete,10,"[[0.0, 24], [0.35, 28], [0.7, 32]]","[128, 384, 512]",5,0.75258,0.00338,0.00151,7.225,
5f3169055a0d,complete,10,"[[0.0, 20], [0.5, 32]]","[128, 384, 512]",5,0.75164,0.00111,0.0005,6.497,
126608a1005f,complete,12,"[[0.0, 24], [0.7, 32]]","[128, 384, 512]",5,0.75168,0.00215,0.00096,7.764,
293433083ac5,complete,12,"[[0.0, 16], [0.3, 24], [0.6, 32]]","[128, 384, 512]",5,0.75308,0.00139,0.00062,7.207,
6fb88072a6fe,complete,12,"[[0.0, 24], [0.35, 28], [0.7, 32]]","[128, 384, 512]",5,0.7563,0.0033,0.00148,8.654,
d139acae08fb,complete,12,"[[0.0, 20], [0.5, 32]]","[128, 384, 512]",5,0.7561,0.00173,0.00078,7.785,
d21cf21ae976,complete,6,,"[128, 512, 768]",5,0.7491,0.002,0.00089,7.961,
d86403bc7e5a,complete,7,,"[128, 512, 768]",5,0.75764,0.00207,0.00093,9.264,
06697d364bcb,complete,6,"[[0.0, 24], [0.5, 32]]","[128, 512, 768]",5,0.745,0.00273,0.00122,6.185,
1c07abcb652f,complete,8,"[[0.0, 24], [0.5, 32]]","[128, 512, 768]",5,0.75916,0.00513,0.00229,8.225,
