config_id,status,compile,epochs,freeze_schedule,fused_sgd,res_schedule,n,mean_acc,sd_acc,se_acc,mean_time_local,error
351fb16b612c,complete,,10,,,"[[0.0, 20], [0.5, 32]]",5,0.75472,0.00275,0.00123,6.683,
ac7948f1a9ab,complete,,12,,,"[[0.0, 20], [0.5, 32]]",5,0.75622,0.00345,0.00154,8.069,
6c4cab95243a,complete,True,10,,True,"[[0.0, 20], [0.5, 32]]",5,0.7506,0.0016,0.00072,5.919,
85524716f761,complete,True,12,,True,"[[0.0, 20], [0.5, 32]]",5,0.7561,0.00178,0.0008,7.17,
d269d9154d77,complete,,10,"[[0.6, 1]]",,"[[0.0, 20], [0.5, 32]]",5,0.74606,0.00209,0.00093,5.689,
b8f682d54e46,complete,,10,"[[0.5, 1], [0.8, 2]]",,"[[0.0, 20], [0.5, 32]]",5,0.7382,0.00153,0.00068,4.876,
f75c0fa2d561,complete,,12,"[[0.6, 1]]",,"[[0.0, 20], [0.5, 32]]",5,0.74954,0.00201,0.0009,6.819,
ed35dbc6c1d3,complete,,12,"[[0.5, 1], [0.8, 2]]",,"[[0.0, 20], [0.5, 32]]",5,0.73944,0.00222,0.00099,5.845,
958ea3b89ff9,complete,,10,,,"[[0.0, 20], [0.5, 28]]",5,0.68986,0.00204,0.00091,5.703,
d30215752ee1,complete,,10,,,"[[0.0, 20], [0.4, 28]]",5,0.69418,0.00155,0.00069,6.082,
e8fd6db1483c,complete,,12,,,"[[0.0, 20], [0.5, 28]]",5,0.69448,0.00389,0.00174,6.852,
6e936bdbada3,complete,,12,,,"[[0.0, 20], [0.4, 28]]",5,0.69424,0.00416,0.00186,7.286,
