config_id,status,compile,compile_mode,epochs,fused_sgd,lr,select_fraction,n,mean_acc,sd_acc,se_acc,mean_time_local,error
1226896a3f2a,complete,,,10,,,,5,0.75332,0.00276,0.00123,6.705,
0d236dc092e7,complete,,,12,,,,5,0.75854,0.00279,0.00125,8.049,
14869064de99,complete,,,10,,,0.5,5,0.64462,0.00329,0.00147,4.072,
be97b2fd09af,complete,,,12,,,0.5,5,0.66164,0.0145,0.00648,4.844,
9101ab42da79,complete,,,14,,,0.5,5,0.68134,0.0189,0.00845,5.663,
1846a0ce33f6,complete,,,10,,,0.7,5,0.73324,0.00381,0.00171,5.265,
964f8edffc86,complete,,,12,,,0.7,5,0.74108,0.00282,0.00126,6.316,
20750616c981,complete,True,max-autotune,10,True,,,5,0.75052,0.00178,0.00079,5.808,
04a78d36b02a,complete,True,max-autotune,12,True,,,5,0.75492,0.00227,0.00101,6.993,
ce4b60f40e3e,complete,,,10,,9.2,,5,0.74916,0.00158,0.0007,6.714,
e3611f9c171e,complete,,,10,,14.4,,5,0.75358,0.00203,0.00091,6.678,
6de20362e6fb,complete,,,12,,9.2,,5,0.75436,0.00268,0.0012,8.016,
723982845738,complete,,,12,,14.4,,5,0.75558,0.00105,0.00047,8.04,
