config_id,status,batch_size,epochs,head_norm,lookahead,muon_lr,optimizer,widths,n,mean_acc,sd_acc,se_acc,mean_time_local,error
433ac46c652d,complete,512,9,,,,,"[128, 384, 512]",5,0.75086,0.00169,0.00075,6.323,
0f01f43939b1,complete,512,10,,,,,"[128, 384, 512]",5,0.7554,0.00172,0.00077,7.018,
c0315aee58b6,complete,768,9,,,,,"[128, 384, 512]",5,0.74864,0.00123,0.00055,6.16,
ee528e4c781c,complete,768,10,,,,,"[128, 384, 512]",5,0.75388,0.00196,0.00088,6.855,
131e64533653,complete,1024,9,,,,,"[128, 384, 512]",5,0.74632,0.00251,0.00112,6.055,
7dbac27b2398,complete,1024,10,,,,,"[128, 384, 512]",5,0.75332,0.00276,0.00123,6.698,
ae75ad8fc322,complete,,9,,,,,"[128, 384, 640]",5,0.75416,0.00225,0.00101,6.502,
ef3dd9d829db,complete,,9,,,,,"[128, 448, 512]",5,0.74982,0.00289,0.00129,6.93,
8ed071f28ea1,complete,,9,,,,,"[96, 384, 512]",5,0.74374,0.0025,0.00112,5.493,
711a85f3c92d,complete,,9,,,,,"[160, 384, 512]",5,0.7489,0.00154,0.00069,7.396,
2136153fd8b4,complete,,10,,,,,"[128, 384, 640]",5,0.7572,0.0032,0.00143,7.216,
3a58fa1ce6e2,complete,,10,,,,,"[128, 448, 512]",5,0.75414,0.00192,0.00086,7.699,
397cb0f9c6c8,complete,,10,,,,,"[96, 384, 512]",5,0.74844,0.0036,0.00161,6.129,
8966579e63c4,complete,,10,,,,,"[160, 384, 512]",5,0.7523,0.0013,0.00058,8.206,
9b6a8a2488e9,failed,,9,False,True,0.12,muon,"[128, 384, 512]",0,,,,,ValueError: Classifier returned nonfloating or nonfinite logits
e88e90508f4b,failed,,9,False,True,0.24,muon,"[128, 384, 512]",0,,,,,ValueError: Classifier returned nonfloating or nonfinite logits
4ff3decdde9c,failed,,10,False,True,0.12,muon,"[128, 384, 512]",0,,,,,ValueError: Classifier returned nonfloating or nonfinite logits
2876b00f80da,failed,,10,False,True,0.24,muon,"[128, 384, 512]",0,,,,,ValueError: Classifier returned nonfloating or nonfinite logits
