config_id,status,arch,coarse_aux_weight,convmixer_depth,convmixer_dim,convmixer_kernel,convmixer_patch,loss,poly_eps,rep_branch,residual_ramp,residual_start,n,mean_acc,sd_acc,se_acc,mean_time_local,error
19675d07c17c,complete,,,,,,,,,,,,10,0.75143,0.00163,0.00051,5.392,
50da56a54e3a,complete,,,,,,,,,True,,,10,0.75194,0.00245,0.00077,6.506,
4bb878fd7a64,failed,,,,,,,,,,0.1,0.3,0,,,,,"TypeError: expected Tensor as element 2 in argument 2, but got NoneType"
6514c9683262,failed,,,,,,,,,,0.1,0.5,0,,,,,"TypeError: expected Tensor as element 2 in argument 2, but got NoneType"
125b3607bcc0,complete,,,,,,,poly1,1.0,,,,10,0.75097,0.00288,0.00091,5.418,
b3f4fdc6d0bf,complete,,,,,,,squentropy,,,,,10,0.74767,0.00227,0.00072,5.41,
95edc3aee4ff,complete,,0.3,,,,,,,,,,10,0.75144,0.00179,0.00057,5.682,
d8e9e53be0ab,complete,,1.0,,,,,,,,,,10,0.73252,0.01205,0.00381,5.7,
6774a730d6e8,complete,convmixer,,8,512,5,2,,,,,,10,0.2562,0.03268,0.01033,19.915,
