exp	idea	hypothesis	status	verdict	pred	prereg
E000	-	-	keep	-	accuracy:hit time:hit	blind
E001	I001	H1.1.1	keep	supports	accuracy:hit time:miss(7.22186 vs [7.6,8.8])	blind
E002	I002	H4.1.1	discard	supports	accuracy:hit time:miss(7.21439 vs [7.6,8.8])	blind
E003	I004	H2.2.1	discard	refutes	accuracy:hit time:hit	blind
E004	I005	H3.2.1	discard	refutes	accuracy:hit time:miss(7.21935 vs [7.13,7.2])	blind
E005	I006	H1.3.1	discard	refutes	accuracy:hit time:hit	blind
E006	I007	H2.1.1	discard	inconclusive	accuracy:hit time:hit	blind
E007	I009	H1.4.1	discard	inconclusive	accuracy:hit time:hit	blind
E008	I010	H1.4.1	discard	refutes	accuracy:hit time:hit	blind
E009	I011	H1	discard	refutes	accuracy:hit time:hit	blind
E010	I008	H3.3.1	discard	refutes	accuracy:hit time:hit	blind
E011	I012	H3.1.1	discard	refutes	accuracy:hit time:hit	blind
E012	I013	H2.3.1	discard	refutes	accuracy:hit time:miss(7.15772 vs [6.75,7.1])	blind
E013	I014	H2.1.2	discard	refutes	accuracy:hit time:miss(6.66487 vs [6.25,6.6])	blind
E014	I015	H2.5.1	discard	refutes	accuracy:hit time:miss(6.49146 vs [6.25,6.45])	blind
E015	I016	H6.1.1	discard	refutes	accuracy:hit time:hit	blind
E016	I018	H2.5.2	discard	inconclusive	accuracy:hit time:hit	blind
E017	I019	H2.6.1	discard	refutes	accuracy:hit time:hit	blind
E018	I020	H6.2.1	discard	refutes	accuracy:miss(0.744567 vs [0.745,0.752]) time:hit	blind
E019	I021	H5.1.1	discard	refutes	accuracy:miss(0.766333 vs [0.744,0.758]) time:miss(8.04107 vs [7.22,7.55])	blind
E020	I022	H5	keep	supports	accuracy:hit time:hit	blind
E021	I023	H2.1	keep	supports	accuracy:hit time:hit	blind
E022	I024	H1.6	discard	refutes	accuracy:hit time:hit	blind
E023	I025	H2.9.1	discard	refutes	accuracy:hit time:miss(8.45249 vs [7.88,8.05])	blind
E024	I027	H5	keep	supports	accuracy:hit time:hit	blind
E025	I028	H2.7	keep	refutes	accuracy:hit time:hit	blind
E026	I029	H2.8.1	keep	supports	accuracy:hit time:hit	blind
E027	I030	H5	discard	refutes	accuracy:miss(0.744767 vs [0.751,0.761]) time:hit	blind
E028	I032	H4	discard	refutes	accuracy:miss(0.7543 vs [0.7564,0.7567]) time:hit	blind
E029	I034	H2.8.1	discard	inconclusive	accuracy:hit time:hit	blind
E030	I035	H5	discard	inconclusive	accuracy:hit time:hit	blind
E031	I036	H5	discard	refutes	accuracy:miss(0.7372 vs [0.751,0.758]) time:hit	blind
E032	I038	H2.8	discard	refutes	accuracy:hit time:hit	blind
E033	I041	H7	discard	refutes	accuracy:hit time:hit	blind
E034	I043	H7.1.2	discard	inconclusive	accuracy:hit time:hit	blind
E035	I044	H7.2.1	keep	refutes	accuracy:hit time:hit	blind
E036	I045	H4.3.1	discard	inconclusive	accuracy:hit time:miss(6.00773 vs [5.47,5.62])	blind
E037	I046	H6.3.1	discard	inconclusive	accuracy:hit time:hit	blind
E038	I047	H7.2.3	keep	supports	accuracy:hit time:miss(5.21551 vs [5.28,5.42])	blind
E039	-	-	discard	supports	accuracy:hit time:hit	blind
E040	I048	H2.8	discard	inconclusive	accuracy:hit time:hit	blind
E041	I049	H2.8	discard	refutes	accuracy:hit time:hit	blind
E042	I050	H4.3.1	discard	refutes	accuracy:hit time:hit	blind
E043	I051	H7.2	discard	inconclusive	accuracy:miss(0.749333 vs [0.75,0.757]) time:hit	blind
E044	I052	H7	keep	supports	accuracy:hit time:hit	blind
E045	I040	H2.4.1	discard	supports	accuracy:hit time:hit	blind
E046	I054	H2.8	keep	supports	accuracy:hit time:hit	blind
E047	I055	H2.10	discard	supports	accuracy:hit time:hit	blind
E048	I056	H4.2.3	discard	supports	accuracy:hit time:hit	blind
E049	I057	H7	discard	inconclusive	accuracy:hit time:hit	blind
E050	I058	H2.13.1	discard	inconclusive	accuracy:hit time:hit	blind
E051	I059	H6.4.1	discard	refutes	accuracy:hit time:hit	blind
E052	I060	H2.4.2	discard	refutes	accuracy:miss(0.7518 vs [0.752,0.758]) time:hit	blind
E053	I062	H2.14.1	discard	supports	accuracy:hit time:hit	blind
E054	I063	H2.10	discard	inconclusive	accuracy:hit time:hit	blind
E055	I064	H2.14.2	crash	-		blind
E056	I064	H2.14.2	discard	supports	accuracy:hit time:hit	blind
E057	I065	H6.5.1	keep	refutes	accuracy:hit time:hit	blind
E058	-	-	discard	refutes	accuracy:hit time:hit	blind
E059	I066	H6.4.2	discard	inconclusive	accuracy:hit time:hit	blind
E060	I061	H2.4	discard	supports	accuracy:hit time:hit	blind
E061	I068	H8.1	discard	inconclusive	accuracy:hit time:hit	blind
E062	I069	H7.3.2	keep	inconclusive	accuracy:hit time:hit	blind
E063	-	-	keep	supports	accuracy:hit time:hit	blind
E064	I071	H2.10.3	discard	inconclusive	accuracy:hit time:hit	blind
E065	-	-	discard	supports	accuracy:hit time:hit	blind
E066	I072	H2.16.2	discard	refutes	accuracy:hit time:hit	blind
E067	I073	H2.16.1	discard	supports	accuracy:hit time:hit	blind
E068	I074	H6.5.2	keep	supports	accuracy:miss(0.757867 vs [0.75,0.757]) time:hit	blind
E069	-	-	discard	supports	accuracy:hit time:miss(4.70841 vs [4.65,4.7])	blind
E070	I076	H2.10.3	keep	inconclusive	accuracy:hit time:miss(4.5841 vs [4.5,4.58])	blind
E071	-	-	keep	inconclusive	accuracy:hit time:hit	blind
E072	I077	H2.10	discard	inconclusive	accuracy:hit time:hit	blind
E073	-	-	discard	inconclusive	accuracy:hit time:hit	blind
E074	I079	H7.3.3	discard	inconclusive	accuracy:hit time:hit	blind
E075	-	-	discard	inconclusive	accuracy:hit time:hit	blind
E076	I085	H2.14.3	discard	refutes	accuracy:hit time:miss(4.58831 vs [4.53,4.57])	blind
E077	I086	H7.3.4	discard	refutes	accuracy:hit time:hit	blind
E078	I087	H6.6.1	discard	refutes	accuracy:hit time:hit	blind
E079	I088	H6.5.3	discard	supports	accuracy:hit time:miss(4.62861 vs [4.55,4.61])	blind
E080	I081	H2.13.2	discard	refutes	accuracy:hit time:hit	blind
E081	I089	H6.5	discard	refutes	accuracy:hit time:hit	blind
E082	I091	H9.1.1	discard	refutes	accuracy:hit time:hit	blind
E083	I090	H6.5	discard	refutes	accuracy:hit time:hit	blind
E084	I092	H2.11.3	discard	inconclusive	accuracy:hit time:hit	blind
E085	-	-	discard	supports	accuracy:hit time:hit	blind
E086	I093	H2.14.4	keep	supports	accuracy:hit time:hit	blind
E087	-	-	discard	supports	accuracy:hit time:hit	blind
E088	I095	H2.10.5	discard	inconclusive	accuracy:hit time:hit	blind
E089	-	-	discard	refutes	accuracy:hit time:hit	blind
E090	I096	H2.17.1	keep	inconclusive	accuracy:hit time:hit	blind
E091	-	-	discard	inconclusive	accuracy:hit time:hit	blind
E092	I097	H6.8.1	discard	refutes	accuracy:hit time:hit	blind
E093	I098	H2.15.2	discard	refutes	accuracy:hit time:hit	blind
E094	I099	H4.2.6	discard	supports	accuracy:hit time:hit	blind
E095	I100	H2.11.4	discard	supports	accuracy:hit time:hit	blind
E096	I102	H2.11.4	keep	inconclusive	accuracy:hit time:hit	blind
E097	-	-	discard	supports	accuracy:hit time:hit	blind
E098	I109	H4.2.7	discard	refutes	accuracy:miss(0.7496 vs [0.751,0.755]) time:hit	blind
E099	I110	H2.14.5	discard	refutes	accuracy:hit time:hit	blind
E100	I111	H10.2.1	keep	inconclusive	accuracy:hit time:hit	blind
E101	-	-	discard	supports	accuracy:hit time:hit	blind
E102	I112	H11.1.1	discard	refutes	accuracy:hit time:hit	blind
E103	I113	H6.5.4	discard	refutes	accuracy:hit time:hit	blind
E104	I104	H10.1.1	discard	refutes	accuracy:hit time:hit	blind
E105	I105	H7.1.3	discard	refutes	accuracy:hit time:hit	blind
E106	I115	H4.2.7	discard	supports	accuracy:hit time:hit	blind
E107	I116	H10.2	discard	refutes	accuracy:hit time:hit	blind
E108	I121	H8.2.1	discard	inconclusive	accuracy:hit time:hit	blind
E109	-	-	discard	inconclusive	accuracy:hit time:hit	blind
E110	I117	H10.2.1	discard	inconclusive	accuracy:miss(0.7564 vs [0.749,0.756]) time:hit	blind
E111	I118	H10.2	discard	refutes	accuracy:hit time:hit	blind
E112	I122	H12.2.1	discard	refutes	accuracy:hit time:hit	blind
E113	I125	H4.6.1	discard	supports	accuracy:hit time:hit	blind
E114	I126	H8.2.2	discard	inconclusive	accuracy:hit time:hit	blind
E115	I127	H2.20.1	crash	-		blind
E116	I127	H2.20.1	discard	inconclusive	accuracy:hit time:hit	blind
E117	I123	H2.19.1	discard	refutes	accuracy:hit time:hit	blind
E118	I129	H4.9	discard	inconclusive	accuracy:hit time:hit	blind
E119	-	-	keep	supports	accuracy:hit time:hit	blind
E120	I130	H2.20.2	discard	supports	accuracy:hit time:hit	blind
E121	I131	H10.1.2	discard	refutes	accuracy:hit time:hit	blind
E122	I132	H2.21.1	discard	supports	accuracy:hit time:hit	blind
E123	I114	H2.18.1	discard	supports	accuracy:hit time:hit	blind
E124	I124	H12.1.1	discard	refutes	accuracy:hit time:hit	blind
E125	I133	H2.20.4	discard	refutes	accuracy:hit time:hit	blind
E126	I135	H2.11.6	discard	refutes	accuracy:hit time:hit	blind
E127	I136	H2.18.2	discard	inconclusive	accuracy:hit time:hit	blind
E128	I137	H2.10.6	discard	supports	accuracy:hit time:hit	blind
E129	I138	H2.20.5	discard	refutes	accuracy:hit time:hit	blind
E130	I139	H2.18.2	discard	refutes	accuracy:hit time:hit	blind
E131	I134	H12.3.1	discard	refutes	accuracy:hit time:hit	blind
E132	I141	H8.3.1	discard	refutes	accuracy:hit time:miss(4.12922 vs [4.14,4.2])	blind
E133	I142	H2.20.2	discard	refutes	accuracy:miss(0.755 vs [0.748,0.754]) time:hit	blind
E134	I143	H2.11.7	discard	refutes	accuracy:hit time:hit	blind
E135	I140	H9.2.2	discard	refutes	accuracy:hit time:hit	blind
E136	I147	H11.2.2	discard	refutes	accuracy:hit time:hit	blind
E137	I148	H12.4.1	keep	supports	accuracy:hit time:hit	blind
E138	I149	H15.1.1	discard	refutes	accuracy:hit time:hit	blind
E139	I150	H15.2.1	keep	supports	accuracy:hit time:hit	blind
E140	I151	H14.2.1	discard	refutes	accuracy:hit time:hit	blind
