exp	commit	accuracy	time	complete	feasible	improved	status	tag	description
E000	bdf584f	0.012166666666666668	0.11316475533142996	True	no	yes	keep	-	baseline
E001	2fea284	0.7549333333333333	7.221864021665776	True	yes	yes	keep	I001	Replace the no-op baseline in submissions/arena/ with the futurebiohackers airbench96-style recipe as published (A1a): frozen 2x2 patch-whitening stem, 3-conv groups at widths 128/384/576, SGD-Nesterov lr 9 with BN biases at 64x LR, label smoothing 0.3, lookahead-EMA, alternating flip + translate 2, 8.5 epochs, bs 1024, fp16 + channels_last, GPU-resident uint8 data with GPU-side augmentation. In build, run torch.compile max-autotune and warm it up on synthetic inputs for both train and eval shapes, including eval batch sizes 1..1024 or dynamic, and the cuDNN/CUDA init. E000 showed lazy init landing in the first timed trial. Log the per-trial prepare and train split.
E002	9542279	0.7549333333333333	7.214389562000481	True	yes	yes	discard	I002	Rerun the A1a reproduction byte-identical, with no code change, to measure run-to-run time and accuracy noise. Record the per-seed accuracy std and the per-trial prepare/train times from both runs.
E003	3197635	0.7488666666666667	7.060589627000202	True	no	no	discard	I004	On top of A1a, replace every GELU activation with SiLU (same compile and epochs). If the reference already uses ReLU or SiLU, test GELU->ReLU on whichever activation it does use.
E004	e1a27c5	0.7529333333333333	7.219345287998294	True	no	no	discard	I005	On top of A1a, compute the patch-whitening eigendecomposition on the first 1500 training images instead of 5000, and do normalization in fp16 on the GPU in one fused pass. Instrument prepare time separately.
E005	732c72e	0.7513333333333333	7.013159338332723	True	no	no	discard	I006	On top of A1a, widen the last group from 576 to 768 channels and cut epochs from 8.5 to 7.5. Recompile and warm up the new shapes in build.
E006	ed8dc49	0.748	5.880113841666268	True	no	no	discard	I007	On top of A1a, train at 24 px for the first ~40% of epochs, 28 px for the next ~30% and 32 px for the rest, with random-resized crops on the GPU. Add +0.5 epochs (9.0 total). Compile and warm up all three shapes in build so no recompile happens in timed code. The final EMA/eval runs at 32 px.
E007	acbbdaf	0.7501666666666666	6.803906694000034	True	no	no	discard	I009	Control run for H1.4.1, and the epoch-slope point for H1. Start from A1a (E001 tip) and change only the epoch count, from 8.5 to 8.0. Scale the LR and lookahead/EMA schedule to the new total step count the same way the recipe already does. Leave everything else byte-identical. Log the per-seed accuracies.
E008	b0fdd25	0.7486	6.8259721579985735	True	no	no	discard	I010	Take the 8.0-epoch recipe from the control idea and add light brightness/contrast jitter in the existing GPU-side augmentation. Per image, multiply by a contrast factor drawn uniformly from [0.85, 1.15] around the per-image mean, then add a brightness offset drawn uniformly from [-0.1, 0.1] (in normalized units), before the flip/translate step. Apply it to training batches only and keep it a single fused elementwise op. Change nothing else.
E009	6ca80ea	0.7492333333333333	6.798860971998995	True	no	no	discard	I011	On the 8.0-epoch recipe, lower label smoothing from 0.3 to 0.2. Change nothing else. This tests whether the reference hyperparameters, which were tuned at 8.5 epochs, leave accuracy on the table at shorter schedules. Shorter training usually wants less regularization.
E010	4739a6b	0.7468	7.215764604000772	True	no	no	discard	I008	On top of A1a, raise the batch size from 1024 to 2000 at equal epochs. Scale lr, wd and EMA/lookahead intervals by the kilostep rule: keep lr*wd per example, and scale the step-based schedule by the step count. Warm up the new shapes in build.
E011	af25d8d	0.7519666666666667	7.194323857666556	True	no	no	discard	I012	Start from A1a. Make the optimizer fused: torch.optim.SGD(fused=True) if PyTorch 2.4 accepts it for this param-group setup, otherwise foreach=True. Wrap the optimizer step plus the lookahead/EMA update in a single torch.compile'd function and warm it up in build on synthetic gradients. Keep the epochs (8.5) and all hyperparameters unchanged. This also tests the E004 power-cap lesson, which predicts little gain from cutting overhead alone.
E012	b32ec80	0.7484999999999999	7.157715299001818	True	no	no	discard	I013	Start from A1a (8.5 epochs). From the start of epoch 3, for each batch of 1024: (1) run a no-grad forward through the compiled net in train mode, with BN running-stat updates disabled, and get per-example losses; (2) keep the 614 highest-loss examples (a fixed size, so the shapes stay static); (3) run the normal forward+backward and optimizer step on those 614 only. Compile and warm up the 614-shape train step in build. Keep the LR schedule tied to the step count, which does not change.
E013	04e09da	0.7505666666666666	6.664866660000068	True	no	no	discard	I014	Start from A1a (E001 tip) and add progressive resizing with a long full-res tail. Total 9.0 epochs (LR/EMA/lookahead schedules rescaled to the step count as the recipe already does). Train at 26 px for steps 0-30%, 28 px for 30-60% and 32 px for the last 40%. Low-res batches are made by applying the existing flip + translate-2 at 32 px, then F.interpolate(mode='bilinear', antialias=True) to 26/28 px. No random-resized crop. The final group pool must still end at 3x3 (26->25->12->6->3, 28->27->13->6->3). In build, compile and warm up all 3 train shapes plus eval at 32 px, so nothing recompiles in timed code. Instrumentation only: log a hash of the first batch's augmentation parameters per trial.
E014	55a8eb8	0.7470333333333333	6.491462028666622	True	no	no	discard	I015	Take E006's schedule unchanged: 9.0 epochs, epochs 0-3 low-res, 4-6 at 28 px, 7-8 at 32 px. Make exactly two changes, which together are the H2.5 confound removal: (a) the first phase uses 26 px instead of 24 px, and (b) replace random-resized crop with flip + translate-2 at 32 px followed by an antialiased bilinear downsample to the phase resolution. Warm up all shapes in build.
E015	bcf6176	0.7485999999999999	6.79577468833304	True	no	no	discard	I016	On the 8.0-epoch recipe (the E007 control, 0.7502 / 6.80 s), change only the LR schedule's end point: decay linearly to 0 at the last step instead of to 0.07x the peak. Keep warmup, peak LR, the BN-bias multiplier and the lookahead/EMA schedule unchanged. Being zero-cost, the resulting accuracy lever can stack onto any progressive-resizing recipe.
E016	9585ed9	0.7513333333333333	6.687061870999362	True	no	no	discard	I018	Take the H2.1.2 recipe (9.0 epochs; 26 px for 0-30%, 28 px for 30-60%, 32 px for the last 40%). Change only how low-res batches are made. Crop mode: after flip + translate-2 at 32 px, take a random 26x26 or 28x28 crop (independent offset per image, done via unfold/gather or a batched index on the GPU), with no rescaling, so object scale matches the test images. Do not use the antialiased downsample. Keep the shapes identical so the compiled graphs are reused.
E017	45373cb	0.7455333333333334	6.631305061999835	True	no	no	discard	I019	On A1a (8.5 epochs, everything else unchanged), narrow group 2 from 384 to 320 channels, which also shrinks group 3's first conv input. Recompile and warm up in build. Group 2 at 15x15 carries ~50% of conv FLOPs by a rough count. 384->320 cuts total conv FLOPs by about 15%. The exchange rate to beat is the epoch-cut rate, 0.08 pp per 1% of time (E007).
E018	17e656b	0.7445666666666667	5.946772417334917	True	no	no	discard	I020	On E006's code (commit ed8dc49), add only a FixRes-style BN re-estimation at the end of train. After the final EMA/lookahead weights are set, reset the BN running stats and run a forward-only pass in train mode (momentum=None, cumulative average) at 32 px over ~5000 augmented training images (5 batches of 1024, flip + translate only), under no_grad. Warm up this shape in build (it is the existing 32 px train shape).
E019	45b511c	0.7663333333333333	8.041070752666807	True	yes	no	discard	I021	On A1a (8.5 epochs), switch the 3x3 conv filters of the three groups to Muon: lr ~0.24, momentum 0.6, Nesterov, 3 Newton-Schulz steps in bf16, filters reshaped to [out, in*9]. Keep SGD-Nesterov with the existing hyperparameters for BN params, biases and the head. Keep the LR schedule shape and the lookahead/EMA. Warm up the compiled NS step in build. This is an explore run on the one optimization-efficiency lever not yet tried; E008 suggests the short schedule is under-fitting.
E020	857fbd7	0.7582666666666666	6.663216723000612	True	yes	yes	keep	I022	Start from the E019 Muon recipe (commit 45b511c): Muon on the 9 group 3x3 convs, lr 0.24, momentum 0.6, Nesterov, 3 NS steps in bf16; SGD for BN/biases/head; lookahead-EMA. Change only the epoch count, from 8.5 to 7.0. Rescale the LR, lookahead and EMA schedules to the new total step count, the same way the recipe already does (as in E007). Leave the Muon step code eager and unchanged so the run measures the Muon accuracy-vs-epochs slope with no confound. Log per-seed accuracies.
E021	bf93586	0.7578333333333334	6.33147566966727	True	yes	yes	keep	I023	Port the two-stage 24->32 px progressive schedule to the E019 Muon recipe. 8.0 total epochs: epochs 0-3 at 24 px, epochs 4-7 at 32 px, no 28 px phase. Use the E006 operator: flip + translate-2 at 32 px, then F.interpolate(bilinear, antialias=True) to 24 px, with AdaptiveMaxPool2d(1) as the final pool. Rescale the LR/EMA/lookahead schedules to the step count. Keep the Muon step eager as in E019. In build, compile and warm up both train shapes and the 32 px eval, so nothing recompiles in timed code.
E022	efcaa7e	0.7638	7.637028995667303	True	yes	no	discard	I024	On E019's Muon recipe at 8.5 epochs, raise the batch size from 1024 to 2000. Scale the SGD param groups (BN/bias/head) by the same kilostep rule as E010, and scale the EMA/lookahead schedule by the step count. Keep Muon lr 0.24 and momentum 0.6, which are airbench94_muon's own settings at bs 2000. Warm up the new shapes in build. This tests whether Muon removes the large-batch penalty SGD showed (E010: -0.81 pp) while halving the per-step Muon overhead.
E023	cfcf9fd	0.7663	8.4524903900007	True	yes	no	discard	I025	On E019's Muon recipe (8.5 epochs), replace every exact GELU with nn.GELU(approximate='tanh'). Change nothing else, and recompile/warm up in build. Running this on the Muon base means the expected ~1% saving can be kept even with perturbation noise, since that base has 1.3 pp of margin.
E024	a40f3f3	0.7594333333333333	5.995801844999126	True	yes	yes	keep	I027	Start from the E021 tip (commit bf93586: Muon + 4@24 + 4@32 px, 8.0 epochs). Change only how the Muon update runs. Wrap the whole update in a single function: momentum/Nesterov, bf16 3-step Newton-Schulz batched over same-shape filters (conv2/conv3 of each group stacked into one bmm), scale, and the weight update. Compile it with torch.compile(mode='max-autotune-no-cudagraphs'), and pass the LR as a 0-d GPU tensor so the schedule never recompiles. Warm it up in build on synthetic gradients for every filter shape. Keep the math, hyperparameters, schedule and data pipeline unchanged. Log per-trial train time.
E025	c430ac2	0.7543666666666666	5.605100588666876	True	yes	yes	keep	I028	On the E021 tip, change only the resolution split: 5 epochs at 24 px + 3 epochs at 32 px (was 4 + 4), still 8.0 total. Keep the E006 operator (flip + translate-2 at 32 px, antialiased bilinear downsample), AdaptiveMaxPool2d(1), eager Muon, and LR/EMA/lookahead rescaled to the step count, which does not change. The compiled shapes are already warmed up in build.
E026	da18628	0.7565333333333333	5.500679757001005	True	yes	yes	keep	I029	Explore sub-24 px phases on the E021 tip. Change only the schedule: 2 epochs at 16 px + 2 at 24 px + 4 at 32 px (8.0 total; the first two 24 px epochs become 16 px). Make the 16 px batches with the same operator (flip + translate-2 at 32 px, then antialiased bilinear to 16 px). The maps become 15/7/3/1, and AdaptiveMaxPool2d(1) handles that. Compile and warm up the 16 px train shape in build. Before the scored run, measure the compiled 16 px and 20 px epoch costs with an untimed side script (2 epochs each) and log them next to the existing cost table.
E027	cea18d9	0.7447666666666667	5.522004425334065	True	no	no	discard	I030	Rebased I026. On the E021 tip, change only the Muon momentum from 0.6 to 0.85 (Nesterov kept, lr 0.24 unchanged). The 0.6/0.24 values come from CIFAR-10 airbench94 at bs 2000. At bs 1024 each step averages half as many examples, which usually favors higher momentum. Leave the SGD groups, schedule and resolution split unchanged.
E028	77348c8	0.7543	5.52297915633244	True	yes	no	discard	I032	Margin check on the current tip, with no recipe change. Using an untimed side script, run the E021 submission through the benchmark's own trial code (import it, do not edit benchmark/) on extra seeds 3-10, and record per-seed accuracy and time. The scored run is unchanged (just repeat E021) so the loop has a row, or skip scoring if the harness allows. This gauges whether the 3-seed 0.7578 reflects the 40-seed mean before margin is spent on cuts (the tip's seed 2 was 0.7523).
E029	b3de4d8	0.7522666666666666	5.23500466533369	True	no	no	discard	I034	On the E026 tip (commit da18628: compiled batched Muon, 2@16 + 2@24 + 4@32 px, 8.0 epochs), change only the schedule to 3@16 + 1@24 + 4@32 px, so epoch 2 moves from 24 px to 16 px. Keep the same operator (flip + translate-2 at 32 px, then antialiased bilinear downsample), AdaptiveMaxPool2d(1), and Muon/SGD hyperparameters. The step count is unchanged, so the LR/EMA/lookahead schedules are unchanged too. All shapes are already warmed up in build.
E030	371811c	0.7550333333333333	5.5231562016657945	True	yes	no	discard	I035	On the E026 tip, change only the Muon momentum from 0.6 to 0.5 (Nesterov kept, lr 0.24, compiled update unchanged; pass momentum so nothing recompiles, or rewarm in build). E027 showed 0.85 costs 1.18 pp. This tests the other direction, since the lookahead-EMA and Nesterov already smooth the iterates and the 0.6 value was tuned on CIFAR-10 at bs 2000 without lookahead.
E031	8460862	0.7372	5.377013285333912	True	no	no	discard	I036	On the E026 tip, change only the number of Newton-Schulz iterations in the compiled batched Muon update, from 3 to 2 (same quintic coefficients, bf16). Re-warm the compiled update in build for every filter shape. Everything else is identical. The remaining Muon overhead is ~1 ms/step x 384 steps (~0.4 s, ~7% of the run), and the NS matmuls are most of it; per the E019 micro-benchmark, eager GPU time fell 3.8 -> 2.8 ms with 2 steps.
E032	0e224d6	0.7485666666666667	4.993509037998592	True	no	no	discard	I038	Explore the limit of the very-low-res early phase. On the E026 tip, change only the schedule to 4@16 + 4@32 px (8.0 epochs, no 24 px phase). Same operator, same Muon/SGD hyperparameters, same step count and schedules. 16 px and 32 px shapes are already warmed up in build. This is the aggressive end of the line, beyond the 3@16 + 1@24 variant, and tests whether a 24 px bridge is needed at all.
E033	73b63a8	0.7543	5.637757967999884	True	yes	no	discard	I041	On the E026 tip (commit da18628: compiled batched Muon, 2@16 + 2@24 + 4@32 px, 8.0 epochs), change only the Newton-Schulz iteration count in the compiled Muon update from 3 to 4. Keep the quintic coefficients (3.4445, -4.7750, 2.0315), bf16, batching and everything else. Re-warm the compiled update in build for every filter shape. E031 showed the opposite direction (3 -> 2) costs 1.82 pp for -2.3% time. So orthogonalization quality is an accuracy knob, and one more iteration may buy margin at ~0.32 ms/step. Log per-seed accuracy and per-trial train time.
E034	784c230	0.7550666666666667	5.527662401332539	True	yes	no	discard	I043	On the E026 tip, change only the Muon learning rate from 0.24 to 0.20 (momentum 0.6, Nesterov, same schedule shape; the LR is already a 0-d GPU tensor, so nothing recompiles). Both independently tuned public Muon recipes use 0.205-0.2255. E030 showed momentum is flat between 0.5 and 0.6, so lr is the one Muon knob left untested (the dropped I039 never ran).
E035	9efb085	0.7572	5.472168799332091	True	yes	yes	keep	I044	On the E026 tip, change only how often the Muon-managed conv filters are renormalized: every 2 + int(15*progress) steps instead of every step (hiverge/Fable style). Do it inside the compiled update with a 0-d bool/int tensor flag (torch.where-gated, or two warmed-up variants selected on the host) so nothing recompiles in timed code. Warm up both paths in build. Everything else is unchanged. Before scoring, log per-step update time with CUDA events in an untimed run, to separate the renorm cost from NS.
E036	5f2ccd7	0.7557666666666667	6.007729041000857	True	yes	no	discard	I045	Determinism probe on the E026 tip, with no change to the math or hyperparameters. Compile the Muon update with mode='default' instead of 'max-autotune-no-cudagraphs', and set torch.backends.cudnn.benchmark=False with cudnn.deterministic=True for all train/eval shapes. Keep the net's own compile as is. Warm everything up in build. Run the scored evaluation, then rerun seed 0 once in an untimed side script through the benchmark's trial code and compare per-seed accuracy bit for bit.
E037	09b26f7	0.7550333333333333	5.478491314999701	True	yes	no	discard	I046	On the E026 tip, change only label smoothing from 0.3 to 0.2. Change nothing else. LS 0.3 was tuned under SGD (E009). Muon fits faster, and tuned public Muon recipes use much lower LS (0.09), so the Muon tip may be over-regularized.
E038	d944796	0.7541666666666667	5.215509457334217	True	yes	yes	keep	I047	On the E026 tip, raise the batch size from 1024 to 1536 (2@16 + 2@24 + 4@32 px, still 8.0 epochs). Scale the SGD param groups (BN/bias/head) by the E010 kilostep rule. Keep Muon lr 0.24 and momentum 0.6. Rescale the LR warmup/decay, EMA and lookahead schedules to the new step count (~256 steps). Compile and warm up the 1536-batch shapes at 16/24/32 px in build. The remaining Muon cost is per step (~1 ms), so a third fewer steps cuts it directly. E022 showed Muon tolerates large batches (-0.25 pp at bs 2000).
E039	489ced2	0.7542	5.212863494999813	True	yes	yes	discard	-	confirm rerun of E038 tip (bs 1536), H4 rule
E040	d6bffdc	0.7522333333333333	5.216384407999915	True	no	no	discard	I048	On the E035 tip (compiled batched Muon with renorm every 2+int(15*progress) steps, 2@16 + 2@24 + 4@32 px, 8.0 epochs), change only the schedule to 3@16 + 1@24 + 4@32 px, so epoch 2 moves from 24 px to 16 px. This is E029's schedule moved onto the newer base. Use the same operator (flip + translate-2 at 32 px, then antialiased bilinear downsample) and AdaptiveMaxPool2d(1). The step count is unchanged, so the LR/EMA/lookahead/renorm schedules are unchanged. All shapes are already warmed up in build. This combines two near-misses: E029 (-0.27 s for -0.31 pp, infeasible by 0.0007) and E035's possible +0.18 pp. It does not rerun E029 unchanged (H4.2).
E041	103f44b	0.7534	5.224614841334794	True	yes	no	discard	I049	On the E035 tip, change only the two 24 px epochs (epochs 2-3) to 20 px: 2@16 + 2@20 + 4@32, 8.0 epochs. Use the same operator (flip + translate-2 at 32 px, antialiased bilinear to 20 px). The maps become 19/9/4/2, and AdaptiveMaxPool2d(1) handles that. Compile and warm up the 20 px train shape in build. Step count and schedules are unchanged. This is an intermediate point between the 24 px bridge, which E032 showed matters (-0.68 pp without it), and a third 16 px epoch (E029, -0.31 pp). The goal is a bridge that costs ~0.40-0.45x instead of 0.57x. Log the compiled per-epoch cost of the 20 px phase.
E042	66eed6b	0.7519666666666667	5.260347318332303	True	no	no	discard	I050	Determinism ablation on the E035 tip, isolating half (a) of E036. Compile the Muon update with mode='default' instead of 'max-autotune-no-cudagraphs'. Keep torch.backends.cudnn.benchmark=True and do NOT set cudnn.deterministic, so the net's convs keep their benchmarked algorithms. Warm everything up in build. Run the scored evaluation. Then, in an untimed side script, rerun seed 0 twice in fresh processes through the benchmark's trial code and compare per-seed accuracy bit for bit against the scored seed 0.
E043	ebf997f	0.7493333333333333	5.159198441999858	True	no	no	discard	I051	On the E035 tip, use bs 2048 for the low-res phases only (the 2 epochs at 16 px and the 2 at 24 px) and keep bs 1024 for the 4@32 px tail. The goal is to halve the number of fixed-cost Muon/launch steps exactly where they are the largest share of epoch time: 16 px epochs are ~0.27 s with ~49 steps at ~1 ms of Muon each. Drive the LR/EMA/lookahead/renorm schedules by samples seen (progress = examples/total), not by step index. For the bs 2048 steps, scale the SGD groups (BN/bias/head) by the E010 kilostep rule and keep Muon lr 0.24 and momentum 0.6 (E022: Muon tolerates bs 2000). Compile and warm up the 2048-batch 16/24 px shapes in build. Run this independently of the global bs 1536 idea, since it targets the phase-local overhead.
E044	e9015c2	0.7574	5.237437466665142	True	yes	no	keep	I052	Explore a new accuracy source. On the E035 tip, move the classifier head (the linear 576->100 after the global max pool) from SGD to the compiled Muon update. Treat its weight as a [100, 576] matrix and use Muon lr scaled by sqrt(max(1, out/in)) as for the filters, with the same momentum and 3 NS steps. Leave the head's renorm/scale handling as in the SGD version and keep the bias on SGD. Add the shape to the compiled update and warm it up in build. CIFAR-100's 100-way head is a much larger share of the learning problem than CIFAR-10's 10-way head, and public Muon recipes tuned on CIFAR-10 never tried it.
E045	a129e7a	0.7574	5.208782923333881	True	yes	yes	discard	I040	Observational, on the E026 tip with no recipe change (replacing the stale I033, which assumed eager Muon on E021). During one scored run, sample board power and SM clock via NVML at >=10 Hz in a separate monitoring process launched outside the submission (no sleeps in submission code). Tag samples by phase (16 px, 24 px, 32 px) using logged CUDA-event timestamps. Report, per phase, the fraction of time at >=95% of the 400 W cap and the mean SM clock.
E046	2fda094	0.7552666666666666	4.955016229000951	True	yes	yes	keep	I054	On the E044 tip (bs 1536, compiled batched Muon on the 9 group convs plus the 576->100 head, renorm every 2+int(15*progress) steps, 2@16 + 2@24 + 4@32 px, 8.0 epochs), change only the schedule to 3@16 + 1@24 + 4@32 px, so epoch 2 moves from 24 px to 16 px. This is the E029/E040 near-miss moved onto the base that has margin. Keep the operator the same: flip + translate-2 at 32 px, then antialiased bilinear downsample, with AdaptiveMaxPool2d(1). The step count is unchanged, so LR, EMA, lookahead and renorm are unchanged. The 1536-batch 16 px shape is already warmed up in build. New tip only under the H4 rule.
E047	4cc3ae2	0.7558	4.962924929665557	True	yes	no	discard	I055	On the E044 tip, cut half of the 24 px phase using a step-indexed switch: 2@16 + 1.5@24 + 4@32 px, 7.5 total epochs. Rescale the LR warmup/decay, EMA, lookahead and renorm schedules to the new total step count, the same way the recipe already does for epoch changes. Change nothing else, and use only shapes that are already warmed up. This tests whether a fractional removal of a cheap mid-resolution epoch, which also removes Muon steps, trades better than swapping 24 px for 16 px.
E048	e6c8e93	0.7543	4.970598959667162	True	yes	no	discard	I056	Margin check on the E044 tip (head on Muon), with no recipe change. For the scored row, rerun E044 unchanged; this is the second variance sample on the current tip. In an untimed side script, import the arena submission and run it through the benchmark's own trial code (do not edit benchmark/) on seeds 3-10. Record per-seed accuracy and time. This calibrates whether E044's +0.32 pp is real before it gets spent on schedule cuts.
E049	cf3dec9	0.7557666666666666	4.94380181300221	True	yes	yes	discard	I057	On the E044 tip, change only the Muon learning rate of the classifier head group (the [100, 576] weight added in E044) from 0.24x to 0.5x of the filter Muon LR, i.e. 0.12 peak on the same schedule shape. Pass it as a separate 0-d GPU tensor so nothing recompiles. Keep the conv-filter Muon LR, momentum, NS steps and the head bias on SGD unchanged. The head's spectral-norm step size was copied from the conv filters untuned. Output layers usually want smaller normalized updates (muP-style), and the head has no renorm or wd to bound it.
E050	4cf6753	0.7525666666666667	4.827446718331582	True	no	no	discard	I058	On the E044 tip, narrow group 2 from 384 to 352 channels, which also shrinks group 3's first conv input. Muon handles the new filter shapes (re-batch the same-shape stacks). Recompile and warm up every train/eval shape and the Muon update in build. Change nothing else. This lever cuts FLOPs, so it should transfer to the 300 W PCIe judge better than per-step levers. Under SGD, 384->320 cost 0.115 pp per 1% (E017). Muon halved the epoch slope, so it may now trade at <=0.06 pp per 1%.
E051	867d10c	0.7527666666666667	4.949476163999255	True	no	no	discard	I059	On the E044 tip, change only the LR warmup length, halving it in steps for both the SGD and Muon groups, with the same peak and the same decay end point. Everything else is unchanged. With bs 1536 the run has only ~256 steps, and the warmup was rescaled from a schedule tuned for ~408 SGD steps. Muon's normalized updates need less warmup than high-LR SGD.
E052	4fd9ea5	0.7518	4.948155810333749	True	no	no	discard	I060	Observational, on the E044 tip, with no recipe change in the scored path. In an untimed side script (same build, one trial, seed 0), wrap each phase (16/24/32 px) with CUDA events. Using torch.profiler on ~20 steps per phase, split per-step time into data augmentation (flip + translate at 32 px + antialiased downsample), net fwd/bwd, SGD foreach step, compiled Muon update, lookahead/EMA, and GPU-idle gaps. Report wall time vs GPU-busy time per phase. For the scored row, rerun E044 unchanged; it doubles as a variance sample. This gates CUDA graphs (H2.12.1) and a low-res pre-downsampled data path.
E053	5a77f89	0.7524	4.857648593999329	True	no	no	discard	I062	On the E046 tip (bs 1536, 3@16 + 1@24 + 4@32 px, compiled Muon on 9 convs plus head), set torch._dynamo.config.automatic_dynamic_shapes=False and raise torch._dynamo.config.cache_size_limit (e.g. 64) so that each (resolution, batch) train shape (16/24/32 px at bs 1536, plus any partial last-batch shapes) compiles as its own static graph. Warm all of them up in build on synthetic data. Keep eval on a separate compiled function that is dynamic in the batch dimension (torch._dynamo.mark_dynamic on dim 0, or the existing eval path unchanged), so any B from 1 to 1024 never recompiles. In an untimed side check, verify eval for B in {1, 7, 1000, 1024} returns finite [B,100] logits in under 5 s with no recompile. Change no math, hyperparameters or schedule. Log per-phase epoch times.
E054	8f15cec	0.7519333333333333	4.732899295001213	True	no	no	discard	I063	On the static-shape tip (or on E046 if H2.14.1 fails), trim a quarter of the remaining 24 px bridge with a step-indexed switch: 3@16 + 0.75@24 + 4@32 px (7.75 epochs). Rescale the LR warmup/decay, EMA, lookahead and renorm schedules to the new total step count, exactly as E047 did. Change nothing else, and use only shapes already warmed up in build. This trim is half the size of H2.10.2's arm A on purpose: at ~0.03 pp per 1%, the ~0.15 pp margin only covers a ~2-3% trim, while arm A (-0.26 s) would be expected to land at ~0.7532, right on the gate.
E055	bb207dc			False	no	no	crash	I064	On the static-shape tip (or on E046 if that fails), replace AdaptiveMaxPool2d(1) with x.flatten(2).amax(dim=2), which is mathematically identical (Fable: it avoids slow atomic kernels). Recompile and warm up every train and eval shape in build. Change nothing else.
E056	6262ecd	0.7525333333333333	4.718397090332776	True	no	no	discard	I064	On the static-shape tip (or on E046 if that fails), replace AdaptiveMaxPool2d(1) with x.flatten(2).amax(dim=2), which is mathematically identical (Fable: it avoids slow atomic kernels). Recompile and warm up every train and eval shape in build. Change nothing else.
E057	625c132	0.7534333333333333	4.716619396664707	True	yes	yes	keep	I065	On the E046 tip (or on the static-shape tip if it is banked first), lower the LR floor of the Muon groups only (9 conv filter groups plus the head) from 0.07x to 0.05x of peak. Keep the SGD groups' floor, the warmup, the peak LR and the EMA/lookahead unchanged. Pass the value as the existing 0-d tensor schedule so nothing recompiles.
E058	09d6668	0.7522666666666666	4.747323206667109	True	no	no	discard	-	confirm rerun of E057 (H4 rule)
E059	d5d853a	0.7520666666666667	4.760971072331206	True	no	no	discard	I066	On the E046 tip, double the LR warmup length (0.23 -> 0.46 of the warmup fraction in steps) for both the SGD and Muon groups, keeping the same peak and the same decay end point. Change nothing else. This is the untested direction after E051, where halving the warmup cost ~0.2 pp.
E060	026a301	0.7526666666666667	4.674812873667785	True	no	no	discard	I061	On the E044 tip, cut only fixed timed overhead in prepare. Vectorize the dirac init over all 3x3 convs, and do the uint8->normalized conversion in one fused fp16 GPU op. Keep the whitening statistics on the same 5000 images, so the learned function is unchanged apart from numerics. Make sure all lazy CUDA/cuBLAS/cuDNN handles used in prepare are already initialized in build. Log the prepare and train split per trial. E004 tried this under the SGD power cap, where hidden CPU work cost nothing. In the current 5.2 s run, prepare's ~60 ms fixed cost is ~1% of time and is not overlapped with GPU-bound training.
E061	5a4e7e6	0.7523	4.70098303166742	True	no	no	discard	I068	On the E046 tip, train the whitening-stem bias only for the first 20% of steps and freeze it after that (as in hiverge and Fable). Set its LR to 0 from step 0.2*total, either through its own 0-d LR tensor or by masking it in the SGD foreach step, so nothing recompiles. Everything else is unchanged. This tests whether the 64x-LR bias groups add late-phase noise in the ~256-step regime.
E062	8d69aa4	0.7532666666666666	4.680445058669041	True	yes	yes	keep	I069	Base: E060 code, which is the E057 tip (static shapes, max(dim).values pool, Muon floor 0.05) plus E060's vectorized dirac init and fused fp16 normalization in prepare. Both prepare changes are math-neutral, so the result still belongs to the pooled family, which E060 brings to 8 runs with a mean of 0.7531. Change only the head's Muon learning rate: set it to 0.5x the filter Muon LR (0.12 peak, same schedule shape and floor) as its own 0-d GPU tensor, so nothing recompiles. Leave everything else unchanged. Score it twice. Instrumentation only: log the submission source hash and a per-seed checksum of the final weights and BN buffers (for H4.4.1).
E063	6a85266	0.7545666666666667	4.668809619334449	True	yes	yes	keep	-	I069 second scoring (E062 code)
E064	a1aef09	0.7553333333333333	4.7132659449998755	True	yes	no	discard	I071	Base: E060 code. Change only the schedule to E047's 2@16 + 1.5@24 + 4@32 px: 7.5 total epochs with step-indexed resolution switches, and LR warmup/decay, the Muon floor, EMA, lookahead and the renorm cadence all rescaled to the new total step count, as E047 did. All three bs-1536 static shapes are already warmed up in build. Score it twice. This is the equal-time reshuffle against the 3@16 + 1@24 swap that the current tip uses.
E065	0f786de	0.7551	4.709483802667819	True	yes	no	discard	-	I071 second scoring (E064 code a1aef09)
E066	83c1fc1	0.757	4.6644082026662845	True	yes	yes	discard	I072	Base: E060 code. The change is Inductor kernel tuning only, aimed at the fused BN/GELU/elementwise Triton kernels, which take about 30% of GPU time (E052). Set torch._inductor.config.coordinate_descent_tuning=True and torch._inductor.config.max_autotune_pointwise=True (the net already compiles with max-autotune) before compiling the net, then recompile and warm up every static train shape plus the eval path in build. Log build time; it must stay under 600 s, and if tuning would exceed that, drop max_autotune_pointwise first. The math is unchanged apart from reduction order. Smoke-test that the loss stays finite for 10 steps before scoring.
E067	8146343	0.7532666666666666	4.674721518997103	True	yes	no	discard	I073	Observational. Run an untimed side script on the E060 code with the same build and one trial on seed 0. Use torch.profiler for about 20 steps of the 32 px phase at bs 1536, and also for 20 steps at 24 px. Per conv layer, record the forward and backward kernel list, the time share of Triton elementwise/reduction kernels against cuDNN conv kernels, and the bytes read and written per BN/GELU kernel relative to the fp16 activation size, i.e. the number of passes over the activation. In the same profile, record per-layer conv time for group 2 (input for H2.13.2). For the scored row, rerun the E060 code unchanged as an extra family variance sample. Log the per-seed weight checksums (H4.4.1) and the cuDNN kernel names per layer and shape (H4.5.1).
E068	766d5bf	0.7578666666666667	4.669751325670707	True	yes	no	keep	I074	Base: E060 code. Apply Fable's tail at equal total steps. The Muon and SGD LR decay reaches its floor (0.05x for Muon, unchanged for SGD) about 4% of steps early and holds there until the end. Over the last ~8 steps, update a light final EMA every 4 steps (ema = 0.7*ema + 0.3*net with torch._foreach_lerp_, buffers allocated in build and reset in prepare). It replaces the end of the lookahead-EMA ramp, and evaluation uses those EMA weights, with BN buffers copied from the net. Change nothing else, and score it twice.
E069	7e85b84	0.7544	4.708412266333956	True	yes	no	discard	-	I074 second scoring (E068 code 766d5bf)
E070	e945ed5	0.7542	4.584103510331867	True	yes	yes	keep	I076	Base: E064 code (a1aef09), which is the E062 tip (static shapes, max(dim).values pool, Muon floor 0.05, vectorized dirac, fused fp16 normalization, head Muon lr 0.5x) running E047's 2@16 + 1.5@24 + 4@32 schedule. Change only the length of the 24 px phase, from 1.5 to 1.25 epochs: 2@16 + 1.25@24 + 4@32 px, 7.25 total epochs, with step-indexed switches. Rescale the LR warmup/decay, Muon floor, EMA, lookahead and renorm cadence to the new total step count, the same way E047/E064 did. All shapes are already warmed up in build. Score it twice and log the source hash.
E071	59f3ec6	0.7532333333333333	4.58175478533182	True	yes	yes	keep	-	I076 second scoring (E070 code e945ed5)
E072	89fb0ce	0.7541666666666667	4.593888425998254	True	yes	no	discard	I077	Base: E064 code (a1aef09; 2@16 + 1.5@24 + 4@32 on the E062 tip). Trim the 16 px phase instead of the bridge: 1.5@16 + 1.5@24 + 4@32 px, 7.0 total epochs, with step-indexed switches. Rescale LR warmup/decay, Muon floor, EMA, lookahead and renorm to the new total step count as in E064. The warmup stays the same fraction of steps. Change nothing else and score it twice. This is the sister arm of the 24 px trim at about equal time. E064/E065 versus the tip showed that 24 px time buys accuracy at ~0.13 pp per 1% and 16 px time does not, so the 16 px phase may be the cheapest one to cut.
E073	9796cfb	0.7523	4.584952502669087	True	no	no	discard	-	I077 second scoring (E072 code 89fb0ce)
E074	0ddd61b	0.7557	4.606903849332109	True	yes	no	discard	I079	Base: E062 code (head Muon lr 0.5x). Add decoupled weight decay to the Muon head weight [100, 576] only, at hiverge's bs-1536 scale: each step w -= lr_head_t * wd * w, with wd chosen so that wd*lr is about 1.6e-3 at peak, applied inside the compiled Muon update through a 0-d tensor so nothing recompiles. Leave the head bias, the filters and all schedules unchanged. Score it twice.
E075	02af2e8	0.7531666666666667	4.594112662998668	True	yes	no	discard	-	I079 second scoring (E074 code 0ddd61b)
E076	52dc644	0.7532333333333333	4.588309487667478	True	yes	no	discard	I085	Math-neutral. On the current tip code (the tail variant if banked, otherwise E070), add a full synthetic dress-rehearsal trial to build. Run prepare + the complete train loop on random uint8 data of the real shape: every phase, the resolution switches, the renorm on/off variants, the tail's floor-hold, the lookahead stop, the final-EMA foreach_lerp, the BN buffer copy, and eval at B=1024 and B=1. Then discard all state; prepare still resets everything. This warms the allocator pool, cuBLAS workspaces, cuDNN plans and any lazily compiled tail or EMA kernels that may currently first run inside timed trial 1. Log per-trial prepare/train times. Build stays well under 600 s (one synthetic trial is ~5 s). Score once.
E077	772c536	0.7505666666666666	4.583444958664283	True	no	no	discard	I086	On the verified tail tip, change only the head's Muon lr multiplier from 0.5x to 0.4x of the filter lr. This is close to the spectral-condition value sqrt(100/576) ≈ 0.42. Set it through the head's own 0-d tensor so nothing recompiles. Decide with an untimed off-seed A/B on seeds 3-10 (tip vs 0.4x) plus two scored runs.
E078	bc2ffe6	0.7502333333333333	4.588437731334125	True	no	no	discard	I087	Explore. On the verified tail tip, replace label smoothing 0.3 with MaxSup: loss = CE(z, y) + 0.3*(max_k z_k - mean_k z_k), one fused op on the fp32-cast [B,100] logits inside the compiled train graph. Before scoring, smoke-test 10 steps for a finite loss under compile at every resolution. Change nothing else. Decide with an untimed off-seed run on seeds 3-10 plus two scored runs.
E079	3d7548e	0.7521666666666667	4.628613853000085	True	no	no	discard	I088	Tail ablation on the verified tail tip, arm (a) only: remove the final EMA, so eval uses the net weights. Keep the floor-hold and the lookahead stop exactly as they are. Change nothing else. Run one scored run plus an untimed off-seed run of seeds 3-10, compared against the tip's off-seed mean. Arm (b), removing only the floor-hold, is queued only if arm (a) costs less than 0.05 pp.
E080	7657845	0.7542	4.583989864001826	True	yes	no	discard	I081	Observational, untimed. On the E062 tip code, build three variants with group-2 widths 384, 352 and 320 (recompiled and warmed up in a side script). Use CUDA events and torch.profiler on 20 steps each at 32 px and 24 px, bs 1536. Record per-layer conv fwd/bwd time, elementwise time for group 2 and group 3's conv1, and total step time and energy (NVML). For the scored row, rerun the E062 code unchanged as a fourth tip-family variance sample (log weight checksums and source hash).
E081	2940f3c	0.7506666666666667	4.608474010667123	True	no	no	discard	I089	Base: the current tip, E070 code (e945ed5). It is 2@16 + 1.25@24 + 4@32 px at 7.25 ep and already contains the Fable tail, as the I083 drop note confirms. Precondition, untimed: log the source hash and a one-line diff against e945ed5, so this run joins the right family (H4.2.4). Change only the final-EMA window. Start the final EMA 20 steps before the end instead of 8. Keep the cadence (every 4 steps) and the lerp (ema = 0.7*ema + 0.3*net via foreach_lerp), so there are ~5 updates instead of ~2. Initialize the EMA from the net weights at the window start, using buffers allocated in build and reset in prepare. Leave the floor-hold point (~96% of steps), the lookahead stop point, eval on the EMA weights and the BN buffers copied from the net all unchanged. This is a host-side step-index change only, so nothing new compiles. Decide with an untimed off-seed run on seeds 3-10. In the same session, rerun the tip off-seed so the baseline (0.7530) gets a second sample. Add two scored runs. Instrumentation for H4.4.1/H4.5.1: log per-seed final-weight checksums and the cuDNN conv kernel names per (layer, shape).
E082	8297be7	0.48736666666666667	4.5899804606645676	True	no	no	discard	I091	Step 1 is free: read the filter-renorm code in the tip (E070 code) and log whether the target norm is constant or already decays. If it already decays, retire H9.1.1 and do not run this. Otherwise, change only the renorm target so it decays linearly from the tip's current value c to 0.157c over training, matching hiverge's 0.5012->0.0786 ratio. Compute it from progress inside the compiled Muon update as a 0-d GPU tensor, so nothing recompiles, and apply it on the existing renorm cadence (every 2+int(15*progress) steps). LR, floor, tail and everything else stay unchanged. Decide with an off-seed run on seeds 3-10 plus two scored runs.
E083	f610c4c	0.7521333333333333	4.58503004200126	True	no	no	discard	I090	Sibling arm of the EMA-window idea, sharing its off-seed tip baseline. Base: E070 code. Replace the final exponential EMA with a LAWA-style uniform average: take a snapshot of the net weights every 4 steps over the last 20 steps (5 snapshots), keep them as a running mean via foreach_lerp with weight 1/k for the k-th snapshot, and evaluate on the mean with the BN buffers copied from the net. The floor-hold and lookahead stop stay unchanged. Buffers are allocated in build and reset in prepare, and nothing recompiles. Change nothing else. Decide with an off-seed run on seeds 3-10 plus two scored runs, against the same tip off-seed baseline as the EMA-window idea.
E084	3e30852	0.7560333333333333	4.699097051331289	True	yes	no	discard	I092	Base: E070 code. Keep bs 1536 for the 16 and 24 px phases, and run the 32 px phase (4 epochs) at bs 1024. Index LR warmup/decay, the floor-hold, the final-EMA window, lookahead and the renorm cadence by samples seen. The final-EMA window and lookahead stop stay at the same sample count as in the tip. Scale the SGD groups (BN biases, whitening bias, head bias) per phase by the E010 kilostep rule, and leave Muon lr and momentum unchanged. Compile the bs-1024 32 px train shape as a static graph and warm it up in build on synthetic data. Change nothing else. Pre-register the time cost: about +66 steps at 32 px. Decide with an off-seed run on seeds 3-10 plus two scored runs.
E085	e5b6566	0.7550333333333333	4.703471908998229	True	yes	no	discard	-	I092 second scoring (E084 code 3e30852)
E086	749bdce	0.7532333333333333	4.561229282332836	True	yes	yes	keep	I093	Math-neutral. Base: E070 code. In build, allocate an empty pinned host buffer (torch.empty(..., dtype=uint8, pin_memory=True)) and a GPU destination tensor of the training set's shape, with no real data. In prepare, copy the uint8 training array into the pinned buffer, upload it with non_blocking=True into the preallocated GPU tensor, and sync once before normalization. Change nothing else. Log per-trial prepare and train times. Score twice; decide on the per-trial prepare logs, not on the totals.
E087	934169c	0.7532333333333333	4.567785453664935	True	yes	no	discard	-	I093 second scoring (E086 code 749bdce)
E088	e7f81c7	0.7529	4.457496755666701	True	no	no	discard	I095	Combine two near-misses: E084's bs-1024 32 px phase (+0.18 pp scored, +0.11 pp off-seed, +2.5% time) pays for the first fractional 32 px trim on a Muon base. Base: E084 code (3e30852, samples-indexed _fit, bs 1536 at 16/24 px, bs 1024 at 32 px) with E086's pinned staging buffer ported unchanged. The staging change is math-neutral and was confirmed bit-identical in E086/E087. Change only the length of the 32 px phase, from 4 to 3.75 epochs: 2@16 + 1.25@24 + 3.75@32 px (7.0 ep). The switch is indexed by samples seen. LR warmup/decay, the floor-hold, the final-EMA window, the lookahead stop and the renorm cadence are rescaled by samples, exactly as E084 did. All shapes are already warmed up in build. Precondition, untimed: log the source hash and a diff against 3e30852 plus 749bdce, so the run joins the right family (H4.2.4). Decide with an untimed off-seed run on seeds 3-10 plus two scored runs.
E089	18b2ebd	0.7515	4.451192977663595	True	no	no	discard	-	I095 second scoring (E088 code e7f81c7)
E090	48b13a7	0.7530666666666667	4.458946407331193	True	yes	yes	keep	I096	Equal-time sibling of the bs-1024 32 px trim idea, on the same base: E084 code plus the E086 pinned staging. Step 1, untimed: measure the compiled cost of a 28 px epoch at bs 1024 against a 32 px epoch at bs 1024 (2 epochs each, static shapes). If the ratio is >0.85x, drop the idea without a scored run. Step 2: replace the first 1.25 epochs of the 32 px phase with 28 px, using the same operator (flip + translate-2 at 32 px, then antialiased bilinear to 28 px; maps 27/13/6/3, max(dim).values pool). The schedule is 2@16 + 1.25@24 + 1.25@28 + 2.75@32 px. Samples seen are unchanged, so the step count is unchanged and LR/EMA/tail/renorm are untouched. Compile the bs-1024 28 px shape as a static graph and warm it up in build. Decide with an off-seed run on seeds 3-10 plus two scored runs, and compare against the trim arm.
E091	367cac1	0.7530666666666667	4.462180578331754	True	yes	no	discard	-	I096 second scoring (E090 code 48b13a7)
E092	a47c48c	0.7499333333333333	4.438997104669397	True	no	no	discard	I097	Base: the current tip (E086 code 749bdce: E070 schedule, Fable tail, pinned staging). Remove the SGD-era lookahead-EMA entirely, so the net trains on its own weights throughout. Drop its buffers and its foreach kernels from build and from the step loop. Keep the floor-hold, the final 8-step EMA (0.3 lerp every 4 steps), eval on the EMA weights and the BN buffers copied from the net. Change nothing else. Decide with an untimed off-seed run on seeds 3-10 against the tip's 0.7530, plus two scored runs; read the per-trial train-time logs.
E093	4aa8dc7	0.7475	4.426199502668169	True	no	no	discard	I098	Base: the tip (E086 code). Precondition, free: log the current whiten_bias_epochs value in step terms. Then verify, in an untimed compiled-graph dump, that the steps after the detach have no stem dgrad or bias-reduction kernels. This was the H2.15.1 premise, and code reading says it is already present. Change only the freeze point. Train the whitening bias for the first 0.2 epoch (~7 steps at bs 1536), with its own LR tensor decaying linearly to 0 over that window (hiverge), then switch to the existing whiten_bias_grad=False graph for the rest of training. Both graph variants already exist and are warmed up for 16 px; the 24/32 px shapes need only the detached variant. Decide with an off-seed run on seeds 3-10 plus two scored runs.
E094	711438d	0.7517	4.469204426667905	True	no	no	discard	I099	Instrument calibration, with no recipe change. Rerun the unchanged tip (E086 code) on seeds 3-10 in at least 3 fresh processes through the benchmark's trial code. Each process rebuilds, so cuDNN benchmark picks are resampled. Continue until there are >=2 off-seed samples that are not bit-identical. Log the per-seed final-weight checksums (H4.4.1) and the cuDNN conv kernel names per (layer, shape) (H4.5.1). Report the sd of the 8-seed off-seed mean across the non-identical samples, and check whether the run means cluster by algorithm set. For the scored row, rerun the tip once; it adds a non-bit-identical tip sample if one occurs.
E095	0503e38	0.7537333333333334	4.696623133332953	True	yes	no	discard	I100	Ablation of E084's EMA-window confound. Base: E084 code plus the E086 pinned staging. Pin the final-EMA window and the lookahead stop to the tip's step counts (the last 8 steps, indexed from the end) instead of to equal sample counts, which gave ~12 steps at bs 1024. Change nothing else. Run one scored run and an off-seed run on seeds 3-10, compared against E084's off-seed 0.7541 and the tip's 0.7530. If the result is >= E084, use this window in the 32 px trim and 28 px arms that follow.
E096	545b6d0	0.7539333333333333	4.4671269899990875	True	yes	no	keep	I102	I100 rebased onto the current tip. Base: E090 code (48b13a7): 2@16 + 1.25@24 at bs 1536, then 1.25@28 + 2.75@32 at bs 1024, with pinned staging and the Fable tail. Because the tip indexes by samples, the final-EMA window and the lookahead stop cover the same sample count as the bs-1536 tip, which is ~12 steps at bs 1024 (~3 EMA updates). Change only this: pin both to step counts measured from the end, so the final EMA covers the last 8 steps (lerp 0.3 every 4 steps, ~2 updates) and lookahead stops 8 steps before the end. The floor-hold point stays sample-indexed and unchanged. This is a host-side step-index change only and nothing recompiles. Precondition, untimed: log the source hash and a one-line diff against 48b13a7. Decide with an off-seed run on seeds 3-10 against the tip off-seed distinct mean (~0.7526, sd ~0.09 pp, E094), plus two scored runs. If it is accepted, use the pinned window in every later bs-1024-tail arm.
E097	fb1429a	0.7539333333333333	4.464765309329475	True	yes	yes	discard	-	I102 second scoring (E096 code 545b6d0)
E098	26919b6	0.7496	4.469796770664591	True	no	no	discard	I109	Instrument and tip decision, with no recipe change. In untimed side scripts, run the unchanged E090 code (48b13a7) and the unchanged E095 code (0503e38) through the benchmark's own trial code on seeds 3-26: 24 seeds each, one fresh process per config so the cuDNN picks are resampled. Do not edit benchmark/. Log per-seed accuracy, per-seed final-weight checksums, and the cuDNN conv kernel names per (layer, shape) from the profiler in build and the first steps; this is the free by-product for H4.5.1. For the scored row, rerun E090 unchanged; a non-bit-identical result adds a third distinct tip sample. Store both 24-seed per-seed vectors as the paired baselines for every later off-seed A/B on seeds 3-26.
E099	3a3c031	0.7533666666666666	4.476680288333834	True	yes	no	discard	I110	Math-neutral FLOP-free time lever. Base: E090 code. At the very start of build, before any conv runs, set torch.backends.cudnn.benchmark_limit = 0 so that cuDNN v8 tries every available algorithm for each static train shape (16/24 px at bs 1536, 28/32 px at bs 1024, both whitening-bias-grad variants) and for the eval path, instead of the default 10. Change nothing else. Log the build time, which must stay <600 s, the per-phase epoch times, and the conv kernel names per (layer, shape), and diff the kernel names against the E090 defaults logged by the H4.2.7 run. Score twice and compare distinct samples against the E090 family.
E100	176e5ec	0.7560666666666667	4.466691244000685	True	yes	yes	keep	I111	Path-length test, run directly on the tip so a positive result is immediately bankable. Deviation from the H10.2.1 text: it uses the E090 base instead of E086, so it reuses the seeds 3-26 E090 baseline from the H4.2.7 run and needs no new control. Base: E090 code. In the 32 px phase only (the final 2.75 epochs at bs 1024, floor-hold included), multiply the conv-filter Muon lr schedule by 1.25 (0.24 -> 0.30 at the same schedule position). The head keeps its 0.5x multiplier and scales along. The 16/24/28 px phases are unchanged. Implement it as a phase-keyed host-side factor written into the existing 0-d lr tensor, so nothing recompiles. Decide on off-seed seeds 3-26, paired against the E090 baseline, plus two distinct scored samples.
E101	bac6afb	0.7515666666666666	4.4616292640009005	True	no	no	discard	-	I111 second scoring (E100 code 176e5ec)
E102	905df4f	0.7520666666666667	4.5189461129994015	True	no	no	discard	I112	Resolution-statistics adaptation test (the 70% arm). Base: E090 code. Move the whitening-bias detach point from ~41% of samples (inside the 24 px phase) to ~70% of samples (inside the 32 px phase, after both the 28 and 32 px switches). Keep the bias LR schedule otherwise unchanged. Warm up the whiten_bias_grad=True graph variants for the 24 px bs-1536, 28 px bs-1024 and 32 px bs-1024 shapes in build on synthetic data. Change nothing else. Log the whitening-bias vector norm and its relative change across each resolution switch. Decide on off-seed seeds 3-26, paired against the E090 baseline, plus two distinct scored samples.
E103	1318a69	0.7535333333333333	4.457322438667082	True	yes	yes	discard	I113	Discriminating test for end-of-run averaging, matching the H6.5.4 spec on the current tip. Base: E090 code. Replace the 8-step final EMA with E081's 20-step window (lerp 0.3 every 4 steps from 20 steps before the end, initialized from the net at the window start). Also lerp every BN running_mean/running_var buffer with the same weights, in the same foreach_lerp, instead of copying the buffers from the final net. EMA buffer copies are allocated in build and reset in prepare. The lookahead stop and floor-hold are unchanged, and nothing recompiles. Decide on off-seed seeds 3-26, paired against the E090 baseline. Add one scored run, and a second only if off-seed is >= +0.05 pp.
E104	594b48e	0.7524666666666667	4.590177353665543	True	no	no	discard	I104	I101 rebased onto the current tip (its old base, E086, is superseded). Base: E090 code, which already has the samples-indexed _fit. Run the 16 and 24 px phases at bs 1024 instead of 1536, which adds ~53 steps. The 28/32 px phases and the whole tail stay as on the tip. LR warmup/decay, the floor-hold and the renorm cadence are indexed by samples. Scale the SGD groups per phase by the kilostep rule and leave Muon lr and momentum unchanged. Compile static bs-1024 16/24 px shapes, including the whitening-bias-grad variant at 16 px, and warm them up in build. Decide with an off-seed run on seeds 3-10 plus one scored run. Compare the gain per added step with E084 (+0.11 pp off-seed for ~65 tail steps).
E105	5733628	0.7524666666666666	4.469324076999328	True	no	no	discard	I105	On the current tip (E090 code), change only the conv-filter Muon peak lr from 0.24 to 0.28 through its 0-d tensor. The head keeps its 0.5x multiplier, so its lr scales along, and nothing recompiles. The schedule shape, floor and tail are unchanged. Muon lr was only ever tuned at bs 1024 with ~384 steps on a pre-tail base (E034). The tip now has ~280 steps, mixed batch sizes and a floor-hold tail, so the optimum may have moved up. Decide with an off-seed run on seeds 3-10 against the tip's distinct mean, plus two scored runs.
E106	c8d5714	0.7550666666666667	4.469218753001769	True	yes	no	discard	I115	Instrument run with no recipe change, and the baseline for every following idea. The tip is E100 code (176e5ec). Its two distinct scored samples are 0.7561 and 0.7516, and its only off-seed sample is one process (22 seeds, 0.7523). E098 showed that one process per arm cannot resolve 0.1 pp. In an untimed side script, run the unchanged E100 code through the benchmark's own trial code on seeds 3-26 in 2 more fresh processes, so cuDNN picks are resampled. Do not edit benchmark/. Log per-seed accuracy, per-seed final-weight checksums and the cuDNN conv kernel names per (layer, shape); the kernel names are the free by-product for H4.5.1. For the scored row, rerun E100 unchanged; a non-bit-identical result adds a third distinct scored sample. Store the pooled 24-seed vectors (>=2 distinct processes) as the paired baseline for every later off-seed A/B.
E107	29c7505	0.7521333333333333	4.47609497733356	True	no	no	discard	I116	Placement-paired test of the path-length mechanism in the low-res phases. E104 bought ~+0.12 pp off-seed by running the 16/24 px phases at bs 1024, i.e. ~1.5x more Muon steps there, at +2.8% time. If the gain is Muon path length (lr × steps) rather than update count, a 1.5x larger Muon lr in those phases should reproduce it at zero time. Base: E100 code. In the 16 and 24 px phases only (bs 1536, warmup included), multiply the conv-filter Muon lr schedule by 1.5 (0.24 -> 0.36 at the same schedule position). The head keeps its 0.5x multiplier and scales along. The SGD groups, the 28/32 px phases (32 px keeps its 1.25x) and the tail are unchanged. Implement it as a phase-keyed host-side factor written into the existing 0-d lr tensor, so nothing recompiles. Before scoring, smoke-test that the 16 px loss stays finite over the first 30 steps. Decide on off-seed seeds 3-26 in >=2 fresh processes, paired against the E100 baseline, plus two distinct scored samples.
E108	340ecc1	0.7527333333333333	4.481092582665345	True	no	no	discard	I121	Equal-time reallocation from the 32 px phase into the 24 px bridge. This is the direct discriminating test between H8.2 (the bridge is worth ~0.13 pp per 1%) and H11 (late full-resolution training is what binds). Base: E100 code (176e5ec). If I116 (low-res Muon lr x1.5) is banked first, rebase onto it and say so in the log. Change only the schedule: 2@16 + 1.75@24 at bs 1536, then 1.25@28 + 2.5@32 at bs 1024 (was 1.25@24 and 2.75@32). Total samples stay at 7.5 epochs. Resolution switches, LR warmup/decay, the floor-hold, the renorm cadence and the 32 px-phase Muon factor (1.25x) are indexed by samples, as in E100. The final-EMA window and lookahead stop stay pinned to the last 8 steps. All shapes are already static and warmed up in build. Precondition, untimed: log the source hash and a one-line diff against 176e5ec. Pre-registered time: +0.5 epoch at 24 px (~+0.26 s) minus 0.25 epoch at 32 px/bs 1024 (~-0.23 s) gives +0.3 to +0.9%. Decide on off-seed seeds 3-26 in >=3 fresh processes, paired against the pooled E106 baseline, plus two distinct scored samples.
E109	ba982f9	0.7527333333333333	4.486173920997923	True	no	no	discard	-	I121 second scoring (E108 code 340ecc1)
E110	77889b2	0.7564	4.454934563999511	True	yes	yes	discard	I117	Dose-response on the one weakly supported zero-time lever. E100 multiplied the 32 px-phase filter Muon lr by 1.25 (+0.09 pp off-seed, distinct scored mean 0.7538). Base: E100 code. Change only that 32 px-phase factor, from 1.25 to 1.5 (0.36 at the same schedule position; the floor-hold covers the same samples, at 1.5x). The head keeps 0.5x and scales along. Nothing else changes, and the phase-keyed 0-d tensor means nothing recompiles. Decide on off-seed seeds 3-26 in >=2 fresh processes against the E100 baseline, plus two distinct scored samples.
E111	d472c44	0.7546666666666667	4.468147310998272	True	yes	no	discard	I118	Extend E100's path-length factor to the other bs-1024 phase. In E100 only the 32 px phase got the 1.25x Muon lr. The 1.25-epoch 28 px phase also runs at bs 1024 and is part of the late, test-adjacent training that H11 calls binding. Base: E100 code. In the 28 px phase only, multiply the conv-filter Muon lr schedule by 1.25. The head scales along. The 16/24 px phases, the 32 px factor (1.25) and the tail are unchanged. This is a phase-keyed host-side factor, so nothing recompiles. Decide on off-seed seeds 3-26 in >=2 fresh processes against the E100 baseline, plus two distinct scored samples. If the low-res-lr idea (H10.2) passes first, rebase onto it.
E112	00ced7f	0.753	4.467791045666672	True	yes	no	discard	I122	Class-balanced (stratified) minibatches at zero compute. Base: E100 code. Inside train, at the start of each epoch, build the permutation on the GPU from the global RNG, which the harness seeds per trial. Nothing is built at import or in build. Steps: (1) for each of the 100 classes, shuffle its 500 indices into a [500, 100] (rank, class) index matrix, using one argsort of random keys within class-sorted labels; (2) independently permute the class order within each rank row; (3) flatten row-major. Every consecutive block of 100 then contains each class exactly once, so a bs-1536 batch holds 15-16 images per class and a bs-1024 batch holds 10-11. The class-sorted label index is computed in prepare, which is timed. Samples, steps, shapes and augmentation are unchanged, and the net graph is untouched. Untimed check: the per-batch class-count max-min is <=1 and the epoch covers all 50,000 images exactly once. Decide on off-seed seeds 3-26 in >=3 fresh processes, paired against the E106 pooled baseline, plus two distinct scored samples.
E113	5e0f9ed	0.7532333333333333	4.461653423333094	True	yes	yes	discard	I125	Calibrate the large-seed paired instrument. Nothing changes in the scored path. In an untimed side script, run the benchmark's own trial code (benchmark/ is not edited) on seeds 3-102 for two arms, one fresh process each. Arm A is unchanged E100 code (176e5ec). Arm B is E100 plus one math-neutral perturbation that does change fp bits: in prepare, compute the normalization as x*inv_std - mean*inv_std instead of (x-mean)*inv_std, which re-draws every seed's trajectory. Log per-seed accuracy, per-seed final-weight checksums and the cuDNN conv kernel names per (layer, shape). Free by-product for H4.5.1: in the same session, cluster the kernel-name sets already logged in E094/E098/E099/E106 against their process means. Store arm A's 100-seed vector as the paired baseline for every later large-seed A/B, so H8.2.2 needs only its treatment arm. Scored row: rerun E100 unchanged, which adds a 4th distinct scored sample.
E114	9a1a4ea	0.7553333333333333	4.45976223366597	True	yes	yes	discard	I126	Decisive test of bridge versus tail on the large-seed instrument. Run E108 code (340ecc1: 2@16 + 1.75@24 at bs 1536, then 1.25@28 + 2.5@32 at bs 1024, everything else as E100) untimed through the benchmark trial code on seeds 3-102, one fresh process. Pair it per seed against the E100 vector from the H4.6.1 calibration run. Gate: run only after H4.6.1 has produced its baseline and SE. Precondition, untimed: log the source hash and a one-line diff against 176e5ec. Scored row: rerun E100 unchanged, which adds another distinct gate sample (also useful to H4.8).
E115	657f310	0.7553666666666666	6.972298407999915	True	yes	no	crash	I127	Late freeze of group 1 plus the stem as a FLOP/byte time lever, profiled untimed first. Step 1, untimed side script on E100 code: build a second static 32 px / bs-1024 train graph in which group 1's output is detached (no backward into group 1 or the stem; group-1 BN still runs in train mode). Warm it up in build. Measure ms/step and NVML energy over 20 steps for each variant, and project total run time for freezes over the last 15% and last 30% of samples. Step 2, only if the detached step is >=8% cheaper: score a freeze from 85% of samples, which lies inside the 32 px phase and covers the floor-hold and final EMA. From then on, group-1 filters drop out of the compiled Muon stacks (a second warmed variant of the update, with momentum untouched) and group-1 BN params drop out of the SGD foreach. Lookahead and the final EMA stay unchanged. Selection is a host-side flag, so nothing recompiles in timed code. Decide accuracy on the large-seed paired instrument (H4.6.1) against E100, plus two distinct scored samples.
E116	82e6219	0.7500666666666667	4.305568195666031	True	no	no	discard	I127	Late freeze of group 1 plus the stem as a FLOP/byte time lever, profiled untimed first. Step 1, untimed side script on E100 code: build a second static 32 px / bs-1024 train graph in which group 1's output is detached (no backward into group 1 or the stem; group-1 BN still runs in train mode). Warm it up in build. Measure ms/step and NVML energy over 20 steps for each variant, and project total run time for freezes over the last 15% and last 30% of samples. Step 2, only if the detached step is >=8% cheaper: score a freeze from 85% of samples, which lies inside the 32 px phase and covers the floor-hold and final EMA. From then on, group-1 filters drop out of the compiled Muon stacks (a second warmed variant of the update, with momentum untouched) and group-1 BN params drop out of the SGD foreach. Lookahead and the final EMA stay unchanged. Selection is a host-side flag, so nothing recompiles in timed code. Decide accuracy on the large-seed paired instrument (H4.6.1) against E100, plus two distinct scored samples.
E117	dc7657b	0.7534333333333333	4.49349159666599	True	yes	no	discard	I123	Group-3 width set by tile alignment, decided cheaply first. Step 1, free: read the cuDNN/cutlass kernel names already logged for the group-3 convs at 28/32 px bs 1024 and 24 px bs 1536 (E094/E098/E099/E106 profiler logs). If every group-3 GEMM uses a tile width dividing 576 (64-wide N/M tiles), close H2.19 with no run. Step 2, untimed, only if 128/256-wide tiles appear: in a side script on E100 code, build group-3 widths 512, 576 and 640. Group-3 conv1 input stays 384, the head becomes [100, W], and the Muon stacks are re-batched. Compile and warm up all shapes. Measure ms/step and NVML energy over 20 steps per (resolution, batch) shape, and project total run time over the E100 schedule. Step 3: score 640 on E100 only if it projects <=+1.5% total time. Decide on off-seed seeds 3-26 in >=3 fresh processes against E106, plus two distinct scored samples. If no scored arm is justified, the scored row reruns E100 unchanged as an extra distinct tip sample.
E118	28bd7c8	0.7520333333333333	4.264140286667195	True	no	no	discard	I129	Bank the E116 late freeze under the H4.9 acceptance rule. The code is E116 unchanged (82e6219: stem and group 1 detached from 85% of samples, all renorm x freeze variants warmed in build). Step 1, untimed: run E116 through the benchmark's own trial code on seeds 103-202 in one fresh process, which brings E116 to ~198 distinct trajectories. Compare its pooled mean with the pooled 200-trajectory E100 baseline (E113 arms A+B, H4.6.2; SE ~0.026 pp). Step 2: score E116 code up to 3 times. Stop at the first scored row >= 0.753. Log per-trial prepare/train times in every scored run to explain the 4.306 s scored vs 4.263 s dev gap (e.g. trial-1 first use of the frozen variant). Bank E116 as the tip only if its population mean is >= 0.7518 and a scored row >= 0.753 appears within 3 attempts. Otherwise E100 stays the tip and the freeze needs funding (I_b / H10.1.2).
E119	cf3304b	0.7530666666666667	4.261854620667388	True	yes	yes	keep	-	I129 attempt 2 (E116 code 82e6219)
E120	aa84ed5	0.7545	4.354074129000462	True	yes	no	discard	I130	Dose-response point at a later freeze. Base: E116 code. Change only the freeze point of stem + group 1, from 85% to 92% of samples. That point is still inside the 32 px / bs-1024 phase and covers the floor-hold and the final 8-step EMA. Keep every graph and Muon-stack variant as in E116, warmed in build. Before scoring, verify with TORCH_LOGS=recompiles on a 2-trial dev run that nothing recompiles after build. Accuracy is decided untimed on seeds 3-102 in one fresh process against the pooled 200-trajectory E100 baseline. Add two distinct scored samples with per-trial time logs.
E121	c826528	0.7516333333333334	4.2540823923336575	True	no	no	discard	I131	Measure the update-count rate before using it to fund the freeze. Untimed, through the benchmark trial code: run E104 code (594b48e: bs 1024 in the 16/24 px phases as well, ~+53 steps, everything else as E100) on seeds 3-102 in one fresh process. Compare it with the pooled 200-trajectory E100 baseline (SE ~0.032). No scored change is needed for the decision. For the scored row, rerun the current tip unchanged; if E116 is banked, that rerun adds a distinct E116 gate sample.
E122	d9a997f	0.7505000000000001	4.260942006001035	True	no	no	discard	I132	Untimed per-group backward energy profile on E100 at 32 px / bs 1024 (static graphs, warmed in build), with no change to the scored path. Use CUDA events plus torch.profiler over 20 steps for the full step and for the E116 detached variant. Attribute backward kernel time to stem, group 1, group 2, group 3 and the head (conv dgrad/wgrad, BN/GELU backward reductions and applies). Record bytes read and written per BN/GELU backward kernel and NVML energy per step. Also read the logged cuDNN kernel tile shapes for the group-1 convs, which is the free first step of H2.21.2. For the scored row, rerun the current tip unchanged (an extra distinct gate sample).
E123	9d4242a	0.7516333333333334	4.257923471998462	True	no	no	discard	I114	Explore depth cuts, untimed first. In a side script on E090 code, build two variants with recompile and warm-up: (a) group-1 conv3 removed and (b) group-3 conv3 removed. Muon stacks are re-batched for the changed filter counts. Measure per-step time with CUDA events and NVML energy over 20 steps each at 32 px bs 1024, 28 px bs 1024, 24 px bs 1536 and 16 px bs 1536, then project total run time over the E090 schedule. For the scored row, rerun E090 unchanged (another distinct tip sample). Score a depth variant later only if its projection shows >=6%.
E124	f581844	0.744	4.264321459665855	True	no	no	discard	I124	Multi-sample augmentation in the 32 px phase, at equal compute. Base: E100 code. In the 2.75-epoch 32 px phase only (bs 1024), build each batch from 512 unique images, drawn as the next 512 of the epoch permutation, times 2 augmentation draws. Copy A keeps the existing alternating-flip state and its own translate offsets. Copy B gets the opposite flip and independently drawn translate offsets. Batch shape, step count, LR/EMA/tail indexing and the compiled graphs are unchanged; only the gather indices and the augmentation parameters differ. The 32 px phase then covers ~1.375 unique epochs instead of 2.75. The 16/24/28 px phases are unchanged. Smoke-test that the duplicated indices and the flip parity are correct on one batch. Decide on off-seed seeds 3-26 in >=3 fresh processes against E106, plus one scored sample, and a second only if off-seed >= +0.05 pp.
E125	774342a	0.7513	4.118631916998614	True	no	no	discard	I133	Deeper late freeze. Base: E116 code (stem + group 1 detached from 85%). Change only one thing: from 92% of samples, also detach group 2's output, so there is no backward into stem, group 1 or group 2, and group-2 filters/BN params drop out of the Muon stacks and the SGD foreach. Add this as a third static 32 px / bs-1024 graph variant plus a matching Muon-update variant. Warm every renorm x freeze-level combination in build, and verify with TORCH_LOGS=recompiles on a 2-trial dev run. Accuracy is decided untimed on seeds 3-102 in one fresh process against the E116 large-seed vector, pooled with the I_a extension if it has run. Add one scored sample, and a second only if the loss is <= 0.06 pp.
E126	135904c	0.7474333333333334	4.172597230009463	True	no	no	discard	I135	Revert the tip's bs-1024 late phases. Base: E116 code (82e6219). Precondition, free (H4.2.4): log the source hash and a one-line diff against 82e6219. Change only the batch size of the 28 px and 32 px phases, from 1024 to 1536. Keep the sample-indexed schedule (LR warmup/decay, floor-hold, renorm cadence and the 85% freeze point all in samples). Rescale the SGD groups (BN biases, whitening bias, head bias) in those phases by the kilostep rule. Keep the Muon lr x1.25 at 32 px and momentum 0.6. Keep the final-EMA window and lookahead stop pinned to the last 8 steps. Compile static bs-1536 28/32 px graphs and warm every freeze x renorm x whiten-bias-grad variant for the new shapes in build. Verify on a 2-trial dev run with TORCH_LOGS=recompiles that nothing compiles after build. Accuracy is decided untimed through the benchmark trial code on seeds 3-102 in one fresh process, against the pooled ~198-trajectory E116 baseline (SE ~0.032). Add one scored run with per-trial prepare/train logs to measure the real time.
E127	4e9d1fd	0.7484666666666666	3.964941650662998	True	no	no	discard	I136	Depth cut arm (a), 2/3/3. Base: E116 code. Remove group-1 conv3 (with its BN and GELU) so group 1 is conv1 plus a single-conv residual branch. Re-batch the Muon filter stacks for the changed counts, including the frozen-group-1 update variant. Rebuild the dirac init over the remaining convs. Warm every (resolution, batch) x freeze x renorm x whiten-bias-grad variant in build, and check on a 2-trial dev run with TORCH_LOGS=recompiles that nothing compiles after build. Change nothing else: schedule, 85% freeze, tail. Before deciding, run an untimed per-step profile of the modified net at all four shapes (with the frozen 32 px variant) and project total time over the E116 schedule, because E123's -7.6% was measured with the freeze off. Accuracy is decided untimed on seeds 3-102 in one fresh process against the pooled ~198-trajectory E116 baseline. Score once only if the loss is <= 0.35 pp.
E128	2d66d4b	0.7533333333333333	4.265292513669313	True	yes	no	discard	I137	Measure the local yardstick on the tip. Base: E116 code. Two untimed arms through the benchmark trial code, each on seeds 3-102 in its own fresh process: (A) 32 px phase -0.25 epoch (2.5 instead of 2.75), (B) 32 px phase +0.25 epoch (3.0). Index everything by samples (LR warmup/decay, floor-hold, renorm cadence, Muon x1.25 phase factor). Keep the freeze at 85% of the new total samples and the final-EMA/lookahead window pinned to the last 8 steps. All shapes are already static and warmed. Compare each arm with the pooled ~198-trajectory E116 baseline. For the scored row, rerun the E116 tip unchanged, which adds another distinct gate sample (H4.9.1).
E129	71f50ae	0.7532666666666666	4.263891366664514	True	yes	no	discard	I138	FreezeOut-style anneal before the 85% freeze, arm (a) only. Base: E116 code. Over 75%-85% of samples, ramp the LR multiplier of the group-1 filters (Muon) and the stem/group-1 BN params (SGD) linearly from 1 to 0, then detach at 85% exactly as now. Use separate 0-d LR tensors for the group-1 Muon stack and the group-1 SGD group, written host-side so nothing recompiles; if the group-1 filters currently share a stacked Muon update with others, scale their slice by a 0-d per-stack factor. All other groups, the schedule and the tail are unchanged. Time is unchanged. Accuracy is decided untimed on seeds 3-102 in one fresh process against the pooled ~198-trajectory E116 baseline.
E130	f9b5b7d	0.7456333333333334	3.994926608997048	True	no	no	discard	I139	Depth cut arm (b), 3/3/2. Base: E116 code. Remove group-3 conv3 (with its BN and GELU) so group 3 is conv1 plus a single-conv residual branch. Re-batch the Muon stacks, rebuild the dirac init, warm every shape x freeze x renorm variant in build, and check with a TORCH_LOGS=recompiles dev run. Change nothing else. Run an untimed per-step profile with the freeze on and project total time over the E116 schedule. Accuracy is decided untimed on seeds 3-102 in one fresh process against the pooled E116 baseline. Run this after arm (a), so that if both arms qualify they can be compared at equal projected saving.
E131	2add8b4	0.7492	4.299654272331584	True	no	no	discard	I134	Augmentation strength under Muon. Base: E100 code. In the 28 and 32 px phases only, raise the translate magnitude from 2 to 4 px (same reflect padding and the same fused GPU op; the pad width is a host-side constant per phase). If the augment op is compiled, warm both pad variants in build. The 16/24 px phases, flip, LS and everything else stay unchanged. Smoke-test that one batch of translated images is in range and shape-correct. Decide untimed on seeds 3-102 in one fresh process against the pooled 200-trajectory E100 baseline. Add one scored sample, and a second only if the gain is >= +0.05 pp.
E132	fe9a884	0.7512666666666666	4.129220121336402	True	no	no	discard	I141	Trim the 16 px phase on the tip. Base: E116 code (82e6219). Precondition, free: log the source hash and a one-line diff against 82e6219. Change only the schedule, from 2@16 + 1.25@24 + 1.25@28 + 2.75@32 to 1.5@16 + 1.25@24 + 1.25@28 + 2.75@32 (6.75 epochs), with switches indexed by samples. Rescale LR warmup/decay, the floor-hold and the renorm cadence to the new total, as the earlier trims (E070/E088) did. Two anchors stay where they are instead of being rescaled: (a) the whitening-bias detach keeps its position inside the 24 px phase, ~0.97 epoch after the 24 px switch. Plain 41% rescaling would push it into the 28 px phase, where the grad variant is not warmed. (b) The stem + group-1 freeze keeps the same number of frozen samples before the end (~1.09 epochs), so the time saving comes only from the 16 px trim. The final-EMA/lookahead window stays pinned to the last 8 steps. All shapes and variants are already warmed; check with TORCH_LOGS=recompiles on a 2-trial dev run. Accuracy is decided untimed on seeds 3-102 in one fresh process against the pooled ~198-trajectory E116 baseline (SE ~0.032). Add one scored run with per-trial prepare/train logs.
E133	ee8a1f7	0.755	4.190465800997724	True	yes	yes	discard	I142	Dose-response of the stem + group-1 freeze at 80% of samples. Base: E116 code. Precondition, free: source hash plus a diff against 82e6219. Change only the freeze point, from 85% to 80% of samples. It stays inside the 32 px / bs-1024 phase, which starts at ~62%. Every freeze x renorm graph and Muon-stack variant is reused unchanged from E116 (already warmed); confirm no recompiles on a 2-trial TORCH_LOGS=recompiles dev run. Accuracy is decided untimed on seeds 3-102 in one fresh process against the pooled ~198-trajectory E116 baseline. Add one scored run with per-trial logs to measure the real saving. Run a 75% arm only if the 85->80 marginal rate comes in at ≤0.04 pp per 1%.
E134	e87b135	0.7494999999999999	4.20788672833199	True	no	no	discard	I143	Early bs 2048 with the warmup fixed in steps. Base: E116 code. Run the 16 px and 24 px phases at bs 2048 instead of 1536. Keep the LR warmup at the tip's step count, not its sample count, which removes E043's warmup confound. Decay, floor-hold, renorm cadence, whitening-bias detach (~41%) and the 85% freeze stay sample-indexed. Scale the SGD groups (BN biases, whitening bias, head bias) in those phases by the kilostep rule; Muon lr and momentum are unchanged. The 28/32 px phases and the tail are untouched. Compile static bs-2048 16/24 px graphs plus both whiten-bias-grad variants, warm them in build, and verify no recompiles on a 2-trial dev run. Accuracy is decided untimed on seeds 3-102 in one fresh process against the pooled E116 baseline. Add one scored run with per-trial logs.
E135	fff8046	0.7506333333333334	4.23890251367023	True	no	no	discard	I140	Lookahead removal re-measured on the large-seed instrument, which gates H9.2.1. Base: E116 code. Remove the lookahead-EMA entirely: the net trains on its own weights; its buffers and foreach kernels are dropped from build and the step loop. Keep the floor-hold, the final 8-step EMA (lerp 0.3 every 4 steps), eval on the EMA weights with BN buffers from the net, and the 85% freeze. Change nothing else. Accuracy is decided untimed on seeds 3-102 in one fresh process against the pooled ~198-trajectory E116 baseline. Add one scored run with per-trial logs, because the expected time saving is inside single-run noise.
E136	a21b318	0.7525666666666667	4.16090989333073	True	no	no	discard	I147	Confound ablation of E126, which may also turn up a -2% time lever. Base: E116 code (82e6219). Precondition, free: log the source hash and a diff against 82e6219. Run the 28 and 32 px phases at bs 1536 instead of 1024, with two differences from E126: (1) the SGD groups (BN biases, whitening bias, head bias) keep their bs-1024 per-step values in those phases, with no kilostep rescale; (2) the final-EMA window and the lookahead stop are pinned to the tip's sample count (~8192 samples, i.e. the last ~5 steps at bs 1536, final EMA ~2 updates spaced to cover the same samples). LR warmup/decay, the floor-hold, the renorm cadence, the 85% freeze and Muon x1.25 at 32 px stay sample-indexed; Muon lr and momentum are unchanged. Reuse E126's warmed bs-1536 28/32 px graphs (every freeze x renorm variant) and verify no recompiles on a 2-trial TORCH_LOGS=recompiles dev run. Accuracy is decided untimed on seeds 3-102 in one fresh process against the pooled ~198-trajectory E116 baseline (SE ~0.032), with an E126 same-seed comparison. Add one scored run with per-trial logs.
E137	0ee6466	0.7534	4.267492322333662	True	yes	no	keep	I148	Weaker late augmentation. Base: E116 code. In the 28 and 32 px phases only, reduce the translate magnitude from 2 to 1 px. Keep the same reflect-pad fused GPU op with the pad width as a host-side per-phase constant, and keep the alternating flip. The 16/24 px phases, LS, the schedule, the freeze and the tail are unchanged. If the augment op is compiled, warm the pad-1 variant in build and check on a 2-trial dev run that nothing recompiles. Smoke-test one batch for range and shape. Accuracy is decided untimed on seeds 3-102 in one fresh process against the pooled E116 baseline. Add one scored run. Translate 0 is a follow-up only if translate 1 gains ≥+0.04 pp.
E138	d5b98bd	0.7525333333333333	4.2637230380011415	True	no	no	discard	I149	Re-screen label smoothing at population level under Muon. Base: E116 code. Change only the label-smoothing constant from 0.3 to 0.2, a loss constant inside the compiled train graph. Re-warm the graphs in build if the constant is baked in, and verify no recompiles on a dev run. Nothing else changes. Accuracy is decided untimed on seeds 3-102 in one fresh process against the pooled E116 baseline. Add one scored run. E037 (LS 0.2, 3 seeds, SE ~0.2 pp) could not exclude ±0.3 pp; tuned Muon CIFAR recipes use LS ~0.09.
E139	f3d0daa	0.7539	4.266807200328913	True	yes	yes	keep	I150	The SGD multiplier on the BN biases was inherited from the SGD era and never re-tested under Muon. Base: E116 code. Change only the LR multiplier of the BN-bias SGD group from 64x to 32x, through its 0-d LR tensor or a host constant so nothing recompiles. The whitening-stem bias (E093 showed it is fragile), the head bias, the warmup and the Muon groups are unchanged. Accuracy is decided untimed on seeds 3-102 in one fresh process against the pooled E116 baseline. Add one scored run.
E140	4f70e20	0.7255	3.7855611666697464	True	no	no	discard	I151	Structural early-stage redesign, profiled untimed before any accuracy run. Base: E116 code. Build three variants in a side script: (a) group 1's max-pool moved from after conv3 to after conv1, so the residual conv2/conv3 run at 15x15x128 instead of 31x31x128; (b) group-1 width 96 instead of 128, with group-2 conv1 input 96 and Muon stacks plus dirac init re-batched; (c) both. Compile and warm every (resolution, batch) x freeze x renorm x whiten-bias-grad shape. Measure ms/step and NVML energy over 20 steps per shape (16/24 px bs 1536, 28/32 px bs 1024, frozen 32 px variant), and project total time over the E116 schedule. Score at 100 seeds against the pooled E116 baseline only the variants projecting ≥8% saving, best projected first. Bar: loss ≤0.044 pp per 1% (fundable by 32 px re-spend). For the scored row, rerun E116 unchanged unless a variant qualifies.
